6.2226972579956055,0.0,0.0,0.0,0.0,55.20618438720703,0.44538357853889465,0.0,27.231781005859375,-0.3590609133243561,0.0,0.7295907735824585,2.0
6.2226972579956055,0.4313912093639374,0.6571793556213379,-0.2626478672027588,0.0,48.361228942871094,0.013992371037602425,0.0,20.386825561523438,-0.7904521226882935,0.0,0.4078858494758606,2.0
6.2226972579956055,0.4916567802429199,0.5906714200973511,-0.6230703592300415,0.0,47.73896026611328,-0.046273212879896164,0.0,19.764556884765625,-0.8507177233695984,0.0,0.39084112644195557,2.0
6.2226972579956055,0.5426610708236694,0.5025426745414734,-0.8487933278083801,0.0,47.11669158935547,-0.09727746993303299,0.0,19.14228630065918,-0.9017219543457031,0.0,0.37037771940231323,2.0
6.2226972579956055,0.5833619236946106,0.40294718742370605,-0.971233069896698,0.0,46.494422912597656,-0.13797836005687714,0.0,18.520017623901367,-0.9424228668212891,0.0,0.3476744294166565,2.0
6.2226972579956055,0.6134602427482605,0.29950645565986633,-1.015993595123291,0.0,45.87215042114258,-0.16807663440704346,0.0,17.897747039794922,-0.9725211262702942,0.0,0.3228333592414856,2.0
6.2226972579956055,0.6331939697265625,0.19774115085601807,-1.0042612552642822,0.0,45.249881744384766,-0.18781037628650665,0.0,17.27547836303711,-0.992254912853241,0.0,0.2962821125984192,2.0
6.2226972579956055,0.6431708335876465,0.10148373246192932,-0.9531136155128479,0.0,44.62761306762695,-0.19778726994991302,0.0,16.653207778930664,-1.0022317171096802,0.0,-3.5,10.0
6.2226972579956055,0.628107488155365,-0.21570146083831787,-1.9765567779541016,0.0,44.005340576171875,-0.18272390961647034,0.0,16.03093719482422,-0.9871684312820435,0.0,-3.5,10.0
6.2226972579956055,0.575588047504425,-0.5704361200332642,-2.488278388977051,0.0,43.38307189941406,-0.1302044838666916,0.0,15.408668518066406,-0.9346489906311035,0.0,-3.5,10.0
6.2226972579956055,0.4859447777271271,-0.9265509247779846,-2.7441391944885254,0.0,42.76080322265625,-0.04056118428707123,0.0,14.786398887634277,-0.8450056910514832,0.0,-3.5,10.0
6.2226972579956055,0.3610709309577942,-1.266143798828125,-2.8720695972442627,0.0,42.13853454589844,0.08431266248226166,0.0,14.164129257202148,-0.7201318144798279,0.0,-3.5,10.0
6.2226972579956055,0.2036156952381134,-1.5805379152297974,-2.936034917831421,0.0,41.51626205444336,0.24176788330078125,0.0,13.54185962677002,-0.5626766085624695,0.0,-3.5,10.0
6.2226972579956055,0.016572952270507812,-1.8657513856887817,-2.797471523284912,0.0,40.89399337768555,0.42881062626838684,0.0,12.919589042663574,-0.3756338655948639,0.0,-3.5,10.0
6.2226972579956055,-0.19568881392478943,-2.1098647117614746,-2.415961503982544,0.0,40.271724700927734,0.6410723924636841,0.0,12.297319412231445,-0.16337211430072784,0.0,-3.5,10.0
6.2226972579956055,-0.4273954927921295,-2.299659013748169,-1.8943049907684326,0.0,39.64945602416992,0.8727790713310242,0.0,11.675049781799316,0.06833457946777344,0.0,-3.5,10.0
6.2226972579956055,-0.6722943782806396,-2.4294991493225098,-1.309820294380188,0.0,39.027183532714844,1.117677927017212,0.0,11.052780151367188,0.31323349475860596,0.0,-3.5,10.0
6.2226972579956055,-0.9241892099380493,-2.499248743057251,-0.7187849879264832,0.0,38.40491485595703,1.3695727586746216,0.0,10.430510520935059,0.5651282668113708,0.0,-3.5,10.0
6.2226972579956055,-1.1773074865341187,-2.5125765800476074,-0.16037337481975555,0.0,37.78264617919922,1.622691035270691,0.0,9.80824089050293,0.8182464838027954,0.0,-3.5,10.0
6.2226972579956055,-1.4265345335006714,-2.4756078720092773,0.33989813923835754,0.0,37.16037368774414,1.8719182014465332,0.0,9.1859712600708,1.0674736499786377,0.0,-3.5,10.0
6.2226972579956055,-1.6675444841384888,-2.3958702087402344,0.7671992182731628,0.0,36.53810501098633,2.1129281520843506,0.0,8.563701629638672,1.308483600616455,0.0,-3.5,10.0
6.2226972579956055,-1.8968511819839478,-2.2814934253692627,1.1148580312728882,0.0,35.915836334228516,2.3422346115112305,0.0,7.941431522369385,1.5377901792526245,0.0,-3.5,10.0
6.2226972579956055,-2.111802339553833,-2.140615463256836,1.3822424411773682,0.0,35.2935676574707,2.5571861267089844,0.0,7.319161891937256,1.7527414560317993,0.0,-3.5,10.0
6.2226972579956055,-2.3105335235595703,-1.9809660911560059,1.5730125904083252,0.0,34.671295166015625,2.7559170722961426,0.0,6.696892261505127,1.951472520828247,0.0,-3.5,10.0
6.2226972579956055,-2.4918932914733887,-1.8095885515213013,1.693703293800354,0.0,34.04902648925781,2.937276840209961,0.0,6.074622631072998,2.1328322887420654,0.0,-3.5,10.0
6.2226972579956055,-2.65535569190979,-1.6326717138290405,1.752596139907837,0.0,33.4267578125,3.1007392406463623,0.0,5.452352523803711,2.296294689178467,0.0,-3.5,10.0
6.2226972579956055,-2.8009226322174072,-1.4554715156555176,1.758844017982483,0.0,32.80448913574219,3.2463061809539795,0.0,4.830082893371582,2.441861629486084,0.0,-3.5,10.0
6.2226972579956055,-2.929027557373047,-1.2822941541671753,1.7218073606491089,0.0,32.18221664428711,3.3744113445281982,0.0,4.207813262939453,2.5699667930603027,0.0,-3.5,10.0
6.2226972579956055,-3.04044246673584,-1.1165294647216797,1.6505712270736694,0.0,31.559947967529297,3.485826015472412,0.0,3.585543632507324,2.6813814640045166,0.0,-3.5,10.0
6.2226972579956055,-3.136190176010132,-0.9607148170471191,1.553609013557434,0.0,30.93767738342285,3.581573724746704,0.0,2.963273763656616,2.7771291732788086,0.0,-3.5,10.0
6.2226972579956055,-3.217468500137329,-0.8166210651397705,1.4385669231414795,0.0,30.31540870666504,3.6628520488739014,0.0,2.3410041332244873,2.858407497406006,0.0,-3.5,10.0
6.2226972579956055,-3.2855818271636963,-0.6853494644165039,1.3121421337127686,0.0,29.693138122558594,3.7309653759002686,0.0,1.7187343835830688,2.926520824432373,0.0,-0.11239948123693466,2.0
6.2226972579956055,-3.327385425567627,-0.3616361618041992,2.156071186065674,0.0,29.07086944580078,3.7727692127227783,0.0,1.0964646339416504,2.968324661254883,0.0,-0.14237505197525024,2.0
6.2226972579956055,-3.332308292388916,-0.010133142583072186,2.578035593032837,0.0,28.448598861694336,3.7776918411254883,0.0,0.4741949141025543,2.9732472896575928,0.0,-0.1701461374759674,2.0
6.2226972579956055,-3.30094051361084,0.33934131264686584,2.789017677307129,0.0,27.826330184936523,3.746324062347412,0.0,-0.14807480573654175,2.9418797492980957,0.0,-0.19912788271903992,2.0
6.2226972579956055,-3.235173463821411,0.6718435287475586,2.8945088386535645,0.0,27.204059600830078,3.6805570125579834,0.0,-0.7703445553779602,2.876112699508667,0.0,-0.22729237377643585,2.0
6.2226972579956055,-3.13752818107605,0.9801933765411377,2.9472544193267822,0.0,26.581790924072266,3.582911729812622,0.0,-1.3926142454147339,2.7784671783447266,0.0,0.23751449584960938,2.0
6.2226972579956055,-3.008704662322998,1.2910034656524658,2.9736273288726807,0.0,25.95952033996582,3.4540882110595703,0.0,-2.0148839950561523,2.649643659591675,0.0,0.191937655210495,2.0
6.2226972579956055,-2.850979804992676,1.5695878267288208,2.7451727390289307,0.0,25.337249755859375,3.296363353729248,0.0,-2.6371536254882812,2.4919188022613525,0.0,0.15369978547096252,2.0
6.2226972579956055,-2.6693575382232666,1.8015646934509277,2.3062398433685303,0.0,24.714981079101562,3.114741086959839,0.0,-3.2594234943389893,2.3102965354919434,0.0,0.1283453106880188,2.0
6.2226972579956055,-2.469836473464966,1.9769622087478638,1.759165644645691,0.0,24.092710494995117,2.915220260620117,0.0,-3.881693124771118,2.1107757091522217,0.0,0.10715353488922119,2.0
6.2226972579956055,-2.2586259841918945,2.0926058292388916,1.174195408821106,0.0,23.470441818237305,2.704009532928467,0.0,-4.503962993621826,1.8995651006698608,0.0,0.08154457807540894,2.0
6.2226972579956055,-2.041733980178833,2.149681329727173,0.5967972874641418,0.0,22.84817123413086,2.4871175289154053,0.0,-5.126232624053955,1.6826730966567993,0.0,0.06835213303565979,2.0
6.2226972579956055,-1.8246269226074219,2.153435707092285,0.0673779547214508,0.0,22.225902557373047,2.270010471343994,0.0,-5.748502254486084,1.4655659198760986,0.0,0.06334638595581055,2.0
6.2226972579956055,-1.6119740009307861,2.1112539768218994,-0.39127856492996216,0.0,21.6036319732666,2.0573575496673584,0.0,-6.370771884918213,1.2529131174087524,0.0,0.059148937463760376,2.0
6.2226972579956055,-1.4075905084609985,2.0311882495880127,-0.7711519002914429,0.0,20.98136329650879,1.8529740571975708,0.0,-6.9930419921875,1.0485296249389648,0.0,0.049706220626831055,2.0
6.2226972579956055,-1.2144793272018433,1.9210402965545654,-1.0737932920455933,0.0,20.359092712402344,1.6598628759384155,0.0,-7.615311622619629,0.8554183840751648,0.0,0.035478174686431885,2.0
6.2226972579956055,-1.034900426864624,1.7881444692611694,-1.3035838603973389,0.0,19.7368221282959,1.4802839756011963,0.0,-8.237581253051758,0.6758394837379456,0.0,0.01107761263847351,2.0
6.2226972579956055,-0.8704643249511719,1.6388311386108398,-1.4699451923370361,0.0,19.114553451538086,1.3158478736877441,0.0,-8.859850883483887,0.5114033818244934,0.0,-0.012990415096282959,2.0
6.2226972579956055,-0.7221981883049011,1.4791208505630493,-1.5765902996063232,0.0,18.49228286743164,1.1675817966461182,0.0,-9.482120513916016,0.36313727498054504,0.0,-0.04181641340255737,2.0
6.2226972579956055,-0.590603232383728,1.3141119480133057,-1.632135272026062,0.0,17.870014190673828,1.0359867811203003,0.0,-10.104390144348145,0.23154230415821075,0.0,-0.07509732246398926,2.0
6.2226972579956055,-0.4757567346096039,1.148046851158142,-1.645058274269104,0.0,17.247743606567383,0.9211403131484985,0.0,-10.726659774780273,0.1166958212852478,0.0,-0.1086728572845459,2.0
6.2226972579956055,-0.3773776888847351,0.984593391418457,-1.6213183403015137,0.0,16.62547492980957,0.8227612972259521,0.0,-11.348930358886719,0.018316779285669327,0.0,3.5,10.0
6.2226972579956055,-0.2792920172214508,1.0480506420135498,0.3996463119983673,0.0,16.003204345703125,0.7246755957603455,0.0,-11.971199989318848,-0.07976890355348587,0.0,3.5,10.0
6.2226972579956055,-0.1608794629573822,1.2235794067382812,1.5871589183807373,0.0,15.380934715270996,0.6062630414962769,0.0,-12.593469619750977,-0.19818145036697388,0.0,3.5,10.0
6.2226972579956055,-0.017681902274489403,1.4509351253509521,2.1588046550750732,0.0,14.758665084838867,0.4630654752254486,0.0,-13.215739250183105,-0.3413790166378021,0.0,-1.4186124801635742,2.0
6.2226972579956055,0.12956492602825165,1.3885185718536377,-0.36504268646240234,0.0,14.136395454406738,0.3158186674118042,0.0,-13.838008880615234,-0.4886258542537689,0.0,-3.5,10.0
6.2226972579956055,0.242959126830101,1.0420544147491455,-1.6825213432312012,0.0,13.51412582397461,0.20242445170879364,0.0,-14.460278511047363,-0.6020200252532959,0.0,-3.5,10.0
6.2226972579956055,0.31342917680740356,0.6345629096031189,-2.3412606716156006,0.0,12.89185619354248,0.1319544017314911,0.0,-15.082548141479492,-0.672490119934082,0.0,-3.5,10.0
6.2226972579956055,0.340177446603775,0.2132319211959839,-2.67063045501709,0.0,12.269586563110352,0.10520613938570023,0.0,-15.704817771911621,-0.6992383599281311,0.0,-3.5,10.0
6.2226972579956055,0.3244805634021759,-0.19823874533176422,-2.835315227508545,0.0,11.647316932678223,0.12090300768613815,0.0,-16.32708740234375,-0.683541476726532,0.0,-3.5,10.0
6.2226972579956055,0.26865527033805847,-0.5880029797554016,-2.9176576137542725,0.0,11.025047302246094,0.17672832310199738,0.0,-16.949357986450195,-0.6277161836624146,0.0,-3.5,10.0
6.2226972579956055,0.17553065717220306,-0.9502432942390442,-2.9588286876678467,0.0,10.402776718139648,0.2698529362678528,0.0,-17.571626663208008,-0.534591555595398,0.0,-3.5,10.0
6.2226972579956055,0.048174966126680374,-1.282249927520752,-2.979414463043213,0.0,9.78050708770752,0.3972086012363434,0.0,-18.193897247314453,-0.40723589062690735,0.0,-3.5,10.0
6.2226972579956055,-0.11024998128414154,-1.5829527378082275,-2.9424238204956055,0.0,9.15823745727539,0.555633544921875,0.0,-18.816165924072266,-0.24881094694137573,0.0,-3.5,10.0
6.2226972579956055,-0.29622480273246765,-1.849306583404541,-2.630411148071289,0.0,8.535967826843262,0.7416083812713623,0.0,-19.43843650817871,-0.06283610314130783,0.0,-3.5,10.0
6.2226972579956055,-0.5043714642524719,-2.065497875213623,-2.1520676612854004,0.0,7.913698196411133,0.9497550129890442,0.0,-20.060705184936523,0.14531053602695465,0.0,-3.5,10.0
6.2226972579956055,-0.7286285758018494,-2.2238242626190186,-1.5899913311004639,0.0,7.291428565979004,1.1740121841430664,0.0,-20.68297576904297,0.3695676326751709,0.0,-3.5,10.0
6.2226972579956055,-0.9628328680992126,-2.3225462436676025,-1.0051037073135376,0.0,6.669158935546875,1.4082164764404297,0.0,-21.305246353149414,0.603771984577179,0.0,-1.3610042929649353,2.0
6.2226972579956055,-1.191972017288208,-2.234184980392456,0.7144653797149658,0.0,6.046888828277588,1.6373555660247803,0.0,-21.927515029907227,0.8329110741615295,0.0,-1.462092399597168,2.0
6.2226972579956055,-1.3996533155441284,-2.0401856899261475,1.8158953189849854,0.0,5.424619197845459,1.8450369834899902,0.0,-22.549785614013672,1.0405924320220947,0.0,-1.5406169891357422,2.0
6.2226972579956055,-1.5803672075271606,-1.7859296798706055,2.407947540283203,0.0,4.80234956741333,2.0257508754730225,0.0,-23.172054290771484,1.221306324005127,0.0,-1.6102720499038696,2.0
6.2226972579956055,-1.7321938276290894,-1.507965326309204,2.7039737701416016,0.0,4.180079936981201,2.177577495574951,0.0,-23.79432487487793,1.3731328248977661,0.0,-1.1535110473632812,2.0
6.2226972579956055,-1.8529149293899536,-1.1958235502243042,2.851986885070801,0.0,3.557810068130493,2.2982985973358154,0.0,-24.416593551635742,1.49385404586792,0.0,-1.1861226558685303,2.0
6.2226972579956055,-1.9425982236862183,-0.8926698565483093,2.9259934425354004,0.0,2.9355404376983643,2.38798189163208,0.0,-25.038864135742188,1.5835373401641846,0.0,-0.7109246253967285,2.0
6.2226972579956055,-2.0005946159362793,-0.5733645558357239,2.9629967212677,0.0,2.3132705688476562,2.4459781646728516,0.0,-25.6611328125,1.641533613204956,0.0,-0.7331604957580566,2.0
6.2226972579956055,-2.027907371520996,-0.27350685000419617,2.9529383182525635,0.0,1.6910009384155273,2.4732909202575684,0.0,-26.283403396606445,1.6688464879989624,0.0,-0.7498184442520142,2.0
6.2226972579956055,-2.0268304347991943,0.003972690552473068,2.749901056289673,0.0,1.0687311887741089,2.4722142219543457,0.0,-26.90567398071289,1.6677696704864502,0.0,-0.7549422979354858,2.0
6.2226972579956055,-2.0009636878967285,0.2479994297027588,2.4303252696990967,0.0,0.4464614689350128,2.446347236633301,0.0,-27.527942657470703,1.6419026851654053,0.0,0.0,10.0
6.2226972579956055,-1.9511795043945312,0.4986622631549835,2.4563772678375244,0.0,-0.17580826580524445,2.3965630531311035,0.0,-28.15021324157715,1.5921186208724976,0.0,-0.7707347869873047,2.0
6.2226972579956055,-1.8809620141983032,0.682324230670929,1.860642671585083,0.0,-0.7980780005455017,2.326345443725586,0.0,-28.77248191833496,1.52190101146698,0.0,0.0,10.0
6.2226972579956055,-1.7946834564208984,0.8586229681968689,1.7366586923599243,0.0,-1.4203476905822754,2.2400670051574707,0.0,-29.394752502441406,1.4356225728988647,0.0,-0.7799562215805054,2.0
6.2226972579956055,-1.6963084936141968,0.9615876078605652,1.0711605548858643,0.0,-2.0426175594329834,2.1416921615600586,0.0,-30.01702117919922,1.337247610092163,0.0,0.0,10.0
6.2226972579956055,-1.590109944343567,1.0578325986862183,0.9471219182014465,0.0,-2.6648871898651123,2.0354936122894287,0.0,-30.639291763305664,1.2310489416122437,0.0,0.0,10.0
6.2226972579956055,-1.4761489629745483,1.1328965425491333,0.7460447549819946,0.0,-3.287156820297241,1.9215325117111206,0.0,-31.261560440063477,1.117087960243225,0.0,0.0,10.0
6.2226972579956055,-1.3570277690887451,1.1832107305526733,0.5061537027359009,0.0,-3.909426689147949,1.8024113178253174,0.0,-31.883831024169922,0.9979668259620667,0.0,0.0,10.0
6.2226972579956055,-1.2353968620300293,1.2079540491104126,0.2555353045463562,0.0,-4.531696319580078,1.6807805299758911,0.0,-32.506099700927734,0.8763359785079956,0.0,0.0,10.0
6.2226972579956055,-1.8966140747070312,-0.06415645778179169,2.3741965293884277,0.0,1.0687311887741089,2.3419976234436035,0.0,-26.90567398071289,1.5375531911849976,0.0,-0.7325115203857422,2.0
6.2226972579956055,-1.0963308811187744,0.890868604183197,-0.786760687828064,0.0,-5.776235580444336,1.5417145490646362,0.0,-33.750640869140625,0.7372699975967407,0.0,0.0,10.0
6.2226972579956055,-1.0129464864730835,0.8430825471878052,-0.5089106559753418,0.0,-6.398505687713623,1.4583300352096558,0.0,-34.37290954589844,0.6538856029510498,0.0,0.0,10.0
6.2226972579956055,-0.9324221014976501,0.8106822967529297,-0.34524786472320557,0.0,-7.020775318145752,1.3778057098388672,0.0,-34.99517822265625,0.5733612179756165,0.0,0.0,10.0
6.2226972579956055,-0.8541198372840881,0.7857546210289001,-0.26293501257896423,0.0,-7.643044948577881,1.2995034456253052,0.0,-35.61745071411133,0.49505892395973206,0.0,0.0,10.0
6.2226972579956055,-0.7779150605201721,0.7629339694976807,-0.23612338304519653,0.0,-8.265315055847168,1.2232986688613892,0.0,-36.23971939086914,0.41885411739349365,0.0,0.0,10.0
6.2226972579956055,-0.704003632068634,0.7388184666633606,-0.24484464526176453,0.0,-8.887584686279297,1.149387240409851,0.0,-36.86198806762695,0.34494274854660034,0.0,0.0,10.0
6.2226972579956055,-0.6327576041221619,0.711485743522644,-0.2740168571472168,0.0,-9.509854316711426,1.078141212463379,0.0,-37.484256744384766,0.2736966907978058,0.0,0.0,10.0
6.2226972579956055,-0.5646194815635681,0.6800956726074219,-0.3125644624233246,0.0,-10.132123947143555,1.0100030899047852,0.0,-38.106529235839844,0.20555856823921204,0.0,0.0,10.0
6.2226972579956055,-0.5000288486480713,0.6445708274841309,-0.35264846682548523,0.0,-10.754393577575684,0.9454124569892883,0.0,-38.728797912597656,0.14096792042255402,0.0,0.0,10.0
6.2226972579956055,-0.43937355279922485,0.6053425669670105,-0.3890015184879303,0.0,-11.376663208007812,0.8847571611404419,0.0,-39.35106658935547,0.08031263202428818,0.0,0.0,10.0
6.2226972579956055,-0.3829605281352997,0.5631532669067383,-0.41836047172546387,0.0,-11.998932838439941,0.8283441066741943,0.0,-39.97333908081055,0.02389962039887905,0.0,0.0,10.0
6.2226972579956055,-0.33100128173828125,0.5189070105552673,-0.43898868560791016,0.0,-12.62120246887207,0.7763848900794983,0.0,-40.59560775756836,-0.028059639036655426,0.0,0.0,10.0
10.555013656616211,0.0,0.0,0.0,0.0,58.139976501464844,0.6756210327148438,0.0,45.39539337158203,-0.145859494805336,0.0,0.02365283854305744,2.0
10.555013656616211,0.013985450379550457,0.021305294707417488,-0.00851502176374197,0.0,46.52946090698242,0.6616356372833252,0.0,33.78487777709961,-0.15984494984149933,0.0,0.20004253089427948,2.0
10.555013656616211,0.016738802194595337,0.030498404055833817,0.08068270981311798,0.0,45.473960876464844,0.6588822603225708,0.0,32.729373931884766,-0.16259829699993134,0.0,0.21478156745433807,2.0
10.555013656616211,0.021064937114715576,0.04515121877193451,0.1375901848077774,0.0,44.41845703125,0.6545560956001282,0.0,31.673873901367188,-0.16692443192005157,0.0,0.22938983142375946,2.0
10.555013656616211,0.02723858132958412,0.06279050558805466,0.16938814520835876,0.0,43.36295700073242,0.6483824849128723,0.0,30.618371963500977,-0.17309807240962982,0.0,0.24454492330551147,2.0
10.555013656616211,0.03535414859652519,0.08158861100673676,0.18252329528331757,0.0,42.30745315551758,0.6402668952941895,0.0,29.5628719329834,-0.1812136471271515,0.0,-0.23982128500938416,2.0
10.555013656616211,0.04323914274573326,0.06986124068498611,-0.08776474744081497,0.0,41.251953125,0.6323819160461426,0.0,28.507369995117188,-0.18909864127635956,0.0,-0.21829065680503845,2.0
10.555013656616211,0.04810074344277382,0.04341946914792061,-0.2441130429506302,0.0,40.19645309448242,0.6275203227996826,0.0,27.451868057250977,-0.19396023452281952,0.0,-0.20226579904556274,2.0
10.555013656616211,0.04936445131897926,0.010134230367839336,-0.3195178508758545,0.0,39.14094924926758,0.6262565851211548,0.0,26.396366119384766,-0.19522394239902496,0.0,-0.18768876791000366,2.0
10.555013656616211,0.046980999410152435,-0.024434996768832207,-0.33774319291114807,0.0,38.08544921875,0.6286400556564331,0.0,25.340866088867188,-0.19284048676490784,0.0,-3.5,10.0
10.555013656616211,0.027022069320082664,-0.2586054801940918,-1.6688716411590576,0.0,37.02994918823242,0.6485989689826965,0.0,24.285364151000977,-0.17288155853748322,0.0,-3.5,10.0
10.555013656616211,-0.02474769949913025,-0.554925262928009,-2.3344357013702393,0.0,35.97444534301758,0.7003687620162964,0.0,23.229862213134766,-0.12111179530620575,0.0,-3.5,10.0
10.555013656616211,-0.10923008620738983,-0.8663831353187561,-2.667217969894409,0.0,34.9189453125,0.7848511338233948,0.0,22.174362182617188,-0.03662940859794617,0.0,-3.5,10.0
10.555013656616211,-0.22529372572898865,-1.169643759727478,-2.833608865737915,0.0,33.86344528198242,0.9009147882461548,0.0,21.118860244750977,0.07943423837423325,0.0,-3.5,10.0
10.555013656616211,-0.37081360816955566,-1.4532930850982666,-2.7781734466552734,0.0,32.80794143676758,1.0464346408843994,0.0,20.063358306884766,0.22495412826538086,0.0,-3.5,10.0
10.555013656616211,-0.5421879887580872,-1.7035315036773682,-2.472928047180176,0.0,31.75244140625,1.2178090810775757,0.0,19.007858276367188,0.39632850885391235,0.0,-3.5,10.0
10.555013656616211,-0.7343187928199768,-1.9061099290847778,-2.017643928527832,0.0,30.69693946838379,1.4099397659301758,0.0,17.952356338500977,0.5884592533111572,0.0,-3.5,10.0
10.555013656616211,-0.941506564617157,-2.0542151927948,-1.4880475997924805,0.0,29.64143943786621,1.6171276569366455,0.0,16.896854400634766,0.7956470847129822,0.0,-3.5,10.0
10.555013656616211,-1.1579827070236206,-2.1464900970458984,-0.9399013519287109,0.0,28.5859375,1.833603858947754,0.0,15.841353416442871,1.0121232271194458,0.0,-3.5,10.0
10.555013656616211,-1.3782813549041748,-2.1854164600372314,-0.4126459062099457,0.0,27.53043556213379,2.0539023876190186,0.0,14.78585147857666,1.232421875,0.0,-3.5,10.0
10.555013656616211,-1.597482442855835,-2.1760191917419434,0.06739787757396698,0.0,26.474933624267578,2.2731034755706787,0.0,13.730350494384766,1.4516228437423706,0.0,-3.5,10.0
10.555013656616211,-1.8113552331924438,-2.124845266342163,0.48425114154815674,0.0,25.41943359375,2.486976146697998,0.0,12.674849510192871,1.6654956340789795,0.0,-3.5,10.0
10.555013656616211,-2.0164239406585693,-2.039180040359497,0.8299018740653992,0.0,24.36393165588379,2.692044973373413,0.0,11.61934757232666,1.8705644607543945,0.0,-3.5,10.0
10.555013656616211,-2.2099766731262207,-1.9264620542526245,1.102303147315979,0.0,23.308429718017578,2.8855979442596436,0.0,10.563846588134766,2.064117193222046,0.0,-3.5,10.0
10.555013656616211,-2.390033006668091,-1.79386305809021,1.3037118911743164,0.0,22.2529296875,3.0656542778015137,0.0,9.508344650268555,2.244173526763916,0.0,-3.5,10.0
10.555013656616211,-2.555284023284912,-1.648001790046692,1.4393324851989746,0.0,21.19742774963379,3.230905055999756,0.0,8.45284366607666,2.4094245433807373,0.0,-3.5,10.0
10.555013656616211,-2.7050158977508545,-1.4947656393051147,1.5162307024002075,0.0,20.141925811767578,3.3806369304656982,0.0,7.397342205047607,2.5591564178466797,0.0,-3.5,10.0
10.555013656616211,-2.839024066925049,-1.3392162322998047,1.5424818992614746,0.0,19.08642578125,3.5146450996398926,0.0,6.341840744018555,2.693164587020874,0.0,-3.5,10.0
10.555013656616211,-2.9575257301330566,-1.1855583190917969,1.5265198945999146,0.0,18.03092384338379,3.6331470012664795,0.0,5.286339282989502,2.811666250228882,0.0,-3.5,10.0
10.555013656616211,-3.061074733734131,-1.0371570587158203,1.4766559600830078,0.0,16.975421905517578,3.7366957664489746,0.0,4.230838298797607,2.915215253829956,0.0,-3.5,10.0
10.555013656616211,-3.150479793548584,-0.8965874314308167,1.4007378816604614,0.0,15.919920921325684,3.8261008262634277,0.0,3.1753368377685547,3.004620313644409,0.0,-3.5,10.0
10.555013656616211,-3.226733922958374,-0.7657060623168945,1.3059241771697998,0.0,14.864418983459473,3.9023549556732178,0.0,2.119835376739502,3.080874443054199,0.0,-3.5,10.0
10.555013656616211,-3.2909493446350098,-0.645735502243042,1.198549747467041,0.0,13.808917999267578,3.9665703773498535,0.0,1.0643340349197388,3.145089864730835,0.0,-3.5,10.0
10.555013656616211,-3.3443028926849365,-0.5373547077178955,1.084063172340393,0.0,12.753417015075684,4.019924163818359,0.0,0.008832658641040325,3.1984434127807617,0.0,-3.5,10.0
10.555013656616211,-3.3879916667938232,-0.44078922271728516,0.967018187046051,0.0,11.697915077209473,4.063612937927246,0.0,-1.0466687679290771,3.2421321868896484,0.0,-3.5,10.0
10.555013656616211,-3.4231951236724854,-0.355898380279541,0.851104736328125,0.0,10.642414093017578,4.09881591796875,0.0,-2.102169990539551,3.2773356437683105,0.0,-3.5,10.0
10.555013656616211,-3.451047658920288,-0.28225627541542053,0.7392082810401917,0.0,9.586912155151367,4.126668930053711,0.0,-3.1576714515686035,3.3051881790161133,0.0,-0.04989676922559738,2.0
10.555013656616211,-3.4578514099121094,-0.009630781598389149,1.8696041107177734,0.0,8.531411170959473,4.133472442626953,0.0,-4.213172912597656,3.3119919300079346,0.0,-0.5328667834401131,2.0
10.555013656616211,-3.4326157569885254,0.28236037492752075,2.4348020553588867,0.0,7.47590970993042,4.108236789703369,0.0,-5.268674373626709,3.2867562770843506,0.0,0.0,10.0
10.555013656616211,-3.373415231704712,0.6176995635032654,2.7174010276794434,0.0,6.420408248901367,4.049036026000977,0.0,-6.3241753578186035,3.227555751800537,0.0,0.0,10.0
10.555013656616211,-3.280627727508545,0.9415436387062073,2.8587005138397217,0.0,5.3649067878723145,3.9562487602233887,0.0,-7.379676818847656,3.13476824760437,0.0,0.0,10.0
10.555013656616211,-3.1565165519714355,1.2441273927688599,2.9293503761291504,0.0,4.30940580368042,3.8321375846862793,0.0,-8.435178756713867,3.0106570720672607,0.0,0.0,10.0
10.555013656616211,-3.0037457942962646,1.5208452939987183,2.724870443344116,0.0,3.253904342651367,3.6793668270111084,0.0,-9.490679740905762,2.85788631439209,0.0,0.0,10.0
10.555013656616211,-2.826894998550415,1.7551755905151367,2.325744867324829,0.0,2.1984028816223145,3.502516031265259,0.0,-10.546180725097656,2.6810355186462402,0.0,0.0,10.0
10.555013656616211,-2.631503105163574,1.9369990825653076,1.8186277151107788,0.0,1.1429015398025513,3.307124137878418,0.0,-11.601682662963867,2.4856436252593994,0.0,0.0,10.0
10.555013656616211,-2.423413038253784,2.062553882598877,1.2683659791946411,0.0,0.0874001532793045,3.099034309387207,0.0,-12.657183647155762,2.2775535583496094,0.0,0.0,10.0
10.555013656616211,-2.2083263397216797,2.1326534748077393,0.7218316793441772,0.0,-0.9681012034416199,2.8839473724365234,0.0,-13.712685585021973,2.062466859817505,0.0,0.0,10.0
10.555013656616211,-1.991500973701477,2.151244640350342,0.21131819486618042,0.0,-2.0236024856567383,2.6671221256256104,0.0,-14.768186569213867,1.8456414937973022,0.0,0.0,10.0
10.555013656616211,-1.7775633335113525,2.124260425567627,-0.24249263107776642,0.0,-3.079103946685791,2.4531843662261963,0.0,-15.823687553405762,1.6317038536071777,0.0,0.0,10.0
10.555013656616211,-1.5704070329666138,2.058727502822876,-0.6279744505882263,0.0,-4.134605407714844,2.246027946472168,0.0,-16.879188537597656,1.424547553062439,0.0,0.0,10.0
10.555013656616211,-1.3731579780578613,1.9620904922485352,-0.940385103225708,0.0,-5.1901068687438965,2.048779010772705,0.0,-17.934690475463867,1.2272984981536865,0.0,0.0,10.0
10.555013656616211,-1.188188910484314,1.8417150974273682,-1.180050253868103,0.0,-6.245607852935791,1.8638100624084473,0.0,-18.990192413330078,1.0423294305801392,0.0,0.0,10.0
10.555013656616211,-1.0171667337417603,1.7045413255691528,-1.3508676290512085,0.0,-7.301109313964844,1.692787766456604,0.0,-20.04569435119629,0.8713072538375854,0.0,0.0,10.0
10.555013656616211,-0.8611217141151428,1.5568546056747437,-1.4590963125228882,0.0,-8.356611251831055,1.5367428064346313,0.0,-21.101194381713867,0.715262234210968,0.0,0.0,10.0
10.555013656616211,-0.7205297946929932,1.404152750968933,-1.512397289276123,0.0,-9.41211223602295,1.396150827407837,0.0,-22.156696319580078,0.5746703147888184,0.0,0.0,10.0
10.555013656616211,-0.5953997373580933,1.2510863542556763,-1.5190892219543457,0.0,-10.467613220214844,1.271020770072937,0.0,-23.21219825744629,0.44954025745391846,0.0,0.0,10.0
10.555013656616211,-0.48536014556884766,1.1014535427093506,-1.4875891208648682,0.0,-11.523115158081055,1.1609811782836914,0.0,-24.267698287963867,0.33950066566467285,0.0,0.0,10.0
10.555013656616211,-0.38974258303642273,0.958234429359436,-1.4260057210922241,0.0,-12.57861614227295,1.0653636455535889,0.0,-25.323200225830078,0.24388308823108673,0.0,0.0,10.0
10.555013656616211,-0.30765819549560547,0.8236534595489502,-1.3418608903884888,0.0,-13.63411808013916,0.9832792282104492,0.0,-26.37870216369629,0.16179870069026947,0.0,0.0,10.0
10.555013656616211,-0.2380659431219101,0.6992575526237488,-1.2419123649597168,0.0,-14.689619064331055,0.913686990737915,0.0,-27.434202194213867,0.0922064483165741,0.0,0.0,10.0
10.555013656616211,-0.17983192205429077,0.586004376411438,-1.132057547569275,0.0,-15.74512004852295,0.8554529547691345,0.0,-28.489704132080078,0.03397243097424507,0.0,0.0,10.0
10.555013656616211,-0.13177931308746338,0.48435282707214355,-1.0173002481460571,0.0,-16.800621032714844,0.8074003458023071,0.0,-29.54520606994629,-0.014080184511840343,0.0,0.0,10.0
10.555013656616211,-0.09272929280996323,0.3943520486354828,-0.9017630219459534,0.0,-17.856122970581055,0.76835036277771,0.0,-30.6007080078125,-0.053130198270082474,0.0,0.0,10.0
10.555013656616211,-0.06153351813554764,0.3157254457473755,-0.7887333035469055,0.0,-18.911624908447266,0.7371546030044556,0.0,-31.656208038330078,-0.08432597666978836,0.0,0.0,10.0
10.555013656616211,-0.0370987206697464,0.2479475885629654,-0.680732250213623,0.0,-19.967126846313477,0.7127197980880737,0.0,-32.711708068847656,-0.1087607741355896,0.0,0.0,10.0
10.555013656616211,-0.018404483795166016,0.19031275808811188,-0.5795962810516357,0.0,-21.022626876831055,0.6940255165100098,0.0,-33.7672119140625,-0.12745501101016998,0.0,0.0,10.0
10.555013656616211,-0.004515029024332762,0.14199447631835938,-0.48656633496284485,0.0,-22.078128814697266,0.6801360845565796,0.0,-34.82271194458008,-0.14134445786476135,0.0,0.0,10.0
10.555013656616211,0.005414044018834829,0.10209578275680542,-0.40237778425216675,0.0,-23.133630752563477,0.6702070236206055,0.0,-35.87821578979492,-0.15127353370189667,0.0,0.0,10.0
10.555013656616211,0.012133155018091202,0.0696907639503479,-0.32734811305999756,0.0,-24.189130783081055,0.6634879112243652,0.0,-36.9337158203125,-0.1579926460981369,0.0,0.0,10.0
10.555013656616211,0.016299450770020485,0.04385789483785629,-0.26145923137664795,0.0,-25.244632720947266,0.6593216061592102,0.0,-37.98921585083008,-0.16215895116329193,0.0,0.0,10.0
10.555013656616211,0.01848006434738636,0.023705676198005676,-0.2044323980808258,0.0,-26.300134658813477,0.6571409702301025,0.0,-39.04471969604492,-0.1643395572900772,0.0,0.0,10.0
10.555013656616211,0.01915724389255047,0.008391745388507843,-0.1557951420545578,0.0,-27.355634689331055,0.6564638018608093,0.0,-40.1002197265625,-0.16501674056053162,0.0,0.0,10.0
10.555013656616211,0.01873479038476944,-0.0028638949152082205,-0.11493925005197525,0.0,-28.411136627197266,0.6568862795829773,0.0,-41.15571975708008,-0.16459427773952484,0.0,0.0,10.0
10.555013656616211,0.017545286566019058,-0.010770516470074654,-0.08117008209228516,0.0,-29.466638565063477,0.658075749874115,0.0,-42.21122360229492,-0.16340477764606476,0.0,0.0,10.0
10.555013656616211,0.015857741236686707,-0.015962379053235054,-0.05374735966324806,0.0,-30.522140502929688,0.6597633361816406,0.0,-43.2667236328125,-0.1617172360420227,0.0,0.0,10.0
10.555013656616211,0.013885296881198883,-0.01899770088493824,-0.03191814571619034,0.0,-31.577640533447266,0.6617357730865479,0.0,-44.32222366333008,-0.15974478423595428,0.0,0.0,10.0
10.555013656616211,0.011792772449553013,-0.020360182970762253,-0.014942634850740433,0.0,-32.633140563964844,0.6638283133506775,0.0,-45.37772750854492,-0.15765225887298584,0.0,0.0,10.0
10.555013656616211,0.009703833609819412,-0.020462434738874435,-0.002113547408953309,0.0,-33.68864440917969,0.6659172177314758,0.0,-46.4332275390625,-0.1555633246898651,0.0,0.0,10.0
10.555013656616211,0.007707668002694845,-0.019650774076581,0.007229970768094063,0.0,-34.744144439697266,0.6679133772850037,0.0,-47.48872756958008,-0.15356716513633728,0.0,0.0,10.0
10.555013656616211,0.005865082144737244,-0.018210899084806442,0.01369316317141056,0.0,-35.79964828491211,0.6697559952735901,0.0,-48.54423141479492,-0.15172457695007324,0.0,0.0,10.0
10.555013656616211,0.004213955719023943,-0.016374077647924423,0.017820371314883232,0.0,-36.85514831542969,0.6714071035385132,0.0,-49.5997314453125,-0.15007345378398895,0.0,0.0,10.0
10.555013656616211,0.0027740593068301678,-0.014323526062071323,0.020092900842428207,0.0,-37.910648345947266,0.6728469729423523,0.0,-50.65523147583008,-0.14863355457782745,0.0,0.0,10.0
10.555013656616211,0.001551222987473011,-0.012200722470879555,0.020929381251335144,0.0,-38.96615219116211,0.6740698218345642,0.0,-51.71073532104492,-0.14741072058677673,0.0,0.0,10.0
10.555013656616211,0.0005408964352682233,-0.010111495852470398,0.02068798430263996,0.0,-40.02165222167969,0.6750801801681519,0.0,-52.7662353515625,-0.14640039205551147,0.0,0.0,10.0
10.555013656616211,-0.0002688696258701384,-0.008131725713610649,0.019670045003294945,0.0,-41.077152252197266,0.6758899092674255,0.0,-53.821739196777344,-0.1455906182527542,0.0,0.0,10.0
10.555013656616211,-0.0008949678740464151,-0.006312590092420578,0.01812458224594593,0.0,-42.13265609741211,0.676516056060791,0.0,-54.87723922729492,-0.1449645310640335,0.0,0.0,10.0
10.555013656616211,-0.0013572534080594778,-0.004685286432504654,0.016253391280770302,0.0,-43.18815612792969,0.6769782900810242,0.0,-55.9327392578125,-0.14450223743915558,0.0,0.0,10.0
10.555013656616211,-0.0016769816866144538,-0.0032652143854647875,0.014216388575732708,0.0,-44.243656158447266,0.6772980690002441,0.0,-56.988243103027344,-0.14418251812458038,0.0,0.0,10.0
10.555013656616211,-0.0018756111385300756,-0.0020556175149977207,0.01213699672371149,0.0,-45.29916000366211,0.6774966716766357,0.0,-58.04374313354492,-0.1439838856458664,0.0,0.0,10.0
10.555013656616211,-0.0019739156123250723,-0.0010506941471248865,0.010107364505529404,0.0,-46.35466003417969,0.6775949597358704,0.0,-59.0992431640625,-0.14388558268547058,0.0,0.0,10.0
10.555013656616211,-0.001991358818486333,-0.00023821696231607348,0.008193309418857098,0.0,-47.410160064697266,0.6776124238967896,0.0,-60.154747009277344,-0.14386813342571259,0.0,0.0,10.0
10.555013656616211,-0.0019456824520602822,0.0003983083588536829,0.006438881624490023,0.0,-48.46566390991211,0.6775667667388916,0.0,-61.21024703979492,-0.14391380548477173,0.0,0.0,10.0
10.555013656616211,-0.0018526677740737796,0.0008778970804996789,0.004870500415563583,0.0,-49.52116394042969,0.6774737238883972,0.0,-62.2657470703125,-0.14400681853294373,0.0,0.0,10.0
10.555013656616211,-0.0017260340973734856,0.0012207067338749766,0.0035006278194487095,0.0,-50.576663970947266,0.6773470640182495,0.0,-63.321250915527344,-0.14413346350193024,0.0,0.0,10.0
10.555013656616211,-0.0015774407656863332,0.0014469786547124386,0.0023309800308197737,0.0,-51.63216781616211,0.6771985292434692,0.0,-64.37675476074219,-0.14428205788135529,0.0,0.0,10.0
10.555013656616211,-0.0014165663160383701,0.001576253562234342,0.001355279702693224,0.0,-52.68766784667969,0.6770375967025757,0.0,-65.4322509765625,-0.14444293081760406,0.0,0.0,10.0
10.555013656616211,-0.0012512418907135725,0.0016268182080239058,0.0005615773261524737,0.0,-53.74317169189453,0.6768723130226135,0.0,-66.48775482177734,-0.1446082442998886,0.0,0.0,10.0
10.555013656616211,-0.0010876191081479192,0.001615342334844172,-6.583011418115348e-05,0.0,-54.79867172241211,0.6767086982727051,0.0,-67.54325866699219,-0.14477187395095825,0.0,0.0,10.0
10.555013656616211,-0.0009303579572588205,0.0015566691290587187,-0.0005448439042083919,0.0,-55.85417175292969,0.6765514016151428,0.0,-68.5987548828125,-0.14492914080619812,0.0,0.0,10.0
10.555013656616211,-0.0007828224333934486,0.0014637281419709325,-0.0008943342254497111,0.0,-56.90967559814453,0.6764038801193237,0.0,-69.65425872802734,-0.1450766772031784,0.0,0.0,10.0
10.284158706665039,0.0,0.0,0.0,0.0,46.702823638916016,-0.41675400733947754,0.0,27.256412506103516,-0.254253625869751,0.0,0.6786437034606934,2.0
10.284158706665039,0.4012680947780609,0.6112884879112244,-0.24431030452251434,0.0,35.390254974365234,-0.8180221319198608,0.0,15.943843841552734,-0.6555216908454895,0.0,3.5,10.0
10.284158706665039,0.47068145871162415,0.7390007376670837,1.1055585145950317,0.0,34.361839294433594,-0.8874354362487793,0.0,14.915428161621094,-0.7249350547790527,0.0,3.5,10.0
10.284158706665039,0.5617415308952332,0.9349542260169983,1.8390361070632935,0.0,33.33342361450195,-0.9784955978393555,0.0,13.887012481689453,-0.8159951567649841,0.0,3.5,10.0
10.284158706665039,0.676329493522644,1.1552870273590088,2.1233534812927246,0.0,32.30500793457031,-1.0930835008621216,0.0,12.858596801757812,-0.930583119392395,0.0,3.5,10.0
10.284158706665039,0.8133805990219116,1.3694610595703125,2.093292713165283,0.0,31.276592254638672,-1.2301346063613892,0.0,11.830181121826172,-1.0676342248916626,0.0,3.5,10.0
10.284158706665039,0.9699232578277588,1.5574735403060913,1.8556292057037354,0.0,30.24817657470703,-1.3866772651672363,0.0,10.801764488220215,-1.2241768836975098,0.0,3.5,10.0
10.284158706665039,1.1418812274932861,1.7074840068817139,1.4932713508605957,0.0,29.21976089477539,-1.5586353540420532,0.0,9.773348808288574,-1.396134853363037,0.0,1.2908795475959778,2.0
10.284158706665039,1.315223217010498,1.6796174049377441,-0.12386532127857208,0.0,28.19134521484375,-1.7319772243499756,0.0,8.744933128356934,-1.569476842880249,0.0,1.1976328492164612,2.0
10.284158706665039,1.472994327545166,1.5393975973129272,-1.2758949995040894,0.0,27.16292953491211,-1.8897483348846436,0.0,7.716517448425293,-1.727247953414917,0.0,1.1245152354240417,2.0
10.284158706665039,1.6080902814865112,1.3256468772888184,-2.0374653339385986,0.0,26.13451385498047,-2.024844169616699,0.0,6.688101768493652,-1.8623439073562622,0.0,1.063192903995514,2.0
10.284158706665039,1.716536521911621,1.0696762800216675,-2.482846736907959,0.0,25.106098175048828,-2.1332905292510986,0.0,5.6596856117248535,-1.970790147781372,0.0,0.5098052024841309,2.0
10.284158706665039,1.7946449518203735,0.7655761241912842,-2.7414233684539795,0.0,24.077682495117188,-2.2113990783691406,0.0,4.631269931793213,-2.048898696899414,0.0,3.5,10.0
10.284158706665039,1.8545125722885132,0.6454081535339355,-1.336676001548767,0.0,23.049264907836914,-2.271266460418701,0.0,3.602854013442993,-2.1087660789489746,0.0,3.5,10.0
10.284158706665039,1.9129761457443237,0.6159241795539856,-0.39587652683258057,0.0,22.020849227905273,-2.329730272293091,0.0,2.5744380950927734,-2.1672298908233643,0.0,3.5,10.0
10.284158706665039,1.9752538204193115,0.6422460079193115,0.189862459897995,0.0,20.992433547973633,-2.392007827758789,0.0,1.5460222959518433,-2.2295074462890625,0.0,3.5,10.0
10.284158706665039,2.044029474258423,0.698400616645813,0.5104095339775085,0.0,19.964017868041992,-2.4607834815979004,0.0,0.5176064968109131,-2.298283100128174,0.0,3.5,10.0
10.284158706665039,2.1201694011688232,0.7656527757644653,0.6389136910438538,0.0,18.93560218811035,-2.536923408508301,0.0,-0.5108093619346619,-2.374423027038574,0.0,3.5,10.0
10.284158706665039,2.203293561935425,0.831058919429779,0.6340031027793884,0.0,17.90718650817871,-2.6200475692749023,0.0,-1.5392252206802368,-2.457547187805176,0.0,3.5,10.0
10.284158706665039,2.292224884033203,0.8862278461456299,0.5418485999107361,0.0,16.87877082824707,-2.7089788913726807,0.0,-2.567641019821167,-2.546478509902954,0.0,3.5,10.0
10.284158706665039,2.3853321075439453,0.9262719750404358,0.3980686366558075,0.0,15.85035514831543,-2.802086114883423,0.0,-3.5960569381713867,-2.6395857334136963,0.0,3.5,10.0
10.284158706665039,2.480787515640259,0.948931872844696,0.229460671544075,0.0,14.821939468383789,-2.8975415229797363,0.0,-4.624472618103027,-2.7350411415100098,0.0,3.5,10.0
10.284158706665039,2.5767529010772705,0.9538561105728149,0.055553220212459564,0.0,13.793522834777832,-2.993506908416748,0.0,-5.652888774871826,-2.8310065269470215,0.0,3.5,10.0
10.284158706665039,2.67150616645813,0.9420174956321716,-0.1100231185555458,0.0,12.765107154846191,-3.0882601737976074,0.0,-6.681304454803467,-2.925759792327881,0.0,3.5,10.0
10.284158706665039,2.7635252475738525,0.9152488112449646,-0.25833988189697266,0.0,11.73669147491455,-3.18027925491333,0.0,-7.709720134735107,-3.0177788734436035,0.0,3.5,10.0
10.284158706665039,2.851531982421875,0.8758806586265564,-0.38414233922958374,0.0,10.70827579498291,-3.2682859897613525,0.0,-8.738136291503906,-3.105785608291626,0.0,3.5,10.0
10.284158706665039,2.934514284133911,0.8264663219451904,-0.484977126121521,0.0,9.67986011505127,-3.3512682914733887,0.0,-9.766551971435547,-3.188767910003662,0.0,0.8390594720840454,2.0
10.284158706665039,3.0003345012664795,0.6079267263412476,-1.7424886226654053,0.0,8.651444435119629,-3.417088508605957,0.0,-10.794967651367188,-3.2545881271362305,0.0,0.8484219908714294,2.0
10.284158706665039,3.0360348224639893,0.3258993625640869,-2.371244192123413,0.0,7.62302827835083,-3.452788829803467,0.0,-11.823383331298828,-3.2902884483337402,0.0,0.0,10.0
10.284158706665039,3.03663969039917,-0.02695382945239544,-2.685622215270996,0.0,6.5946125984191895,-3.4533936977386475,0.0,-12.851799011230469,-3.290893316268921,0.0,0.31851327419281006,2.0
10.284158706665039,3.002873420715332,-0.3532167673110962,-2.842811107635498,0.0,5.566196441650391,-3.4196274280548096,0.0,-13.880215644836426,-3.257127046585083,0.0,0.0,10.0
10.284158706665039,2.9358227252960205,-0.6819391250610352,-2.921405553817749,0.0,4.53778076171875,-3.352576732635498,0.0,-14.908631324768066,-3.1900763511657715,0.0,0.0,10.0
10.284158706665039,2.8373329639434814,-0.9867908358573914,-2.960702657699585,0.0,3.5093648433685303,-3.254086971282959,0.0,-15.937047004699707,-3.0915865898132324,0.0,0.0,10.0
10.284158706665039,2.710087537765503,-1.2652589082717896,-2.746122360229492,0.0,2.4809489250183105,-3.1268415451049805,0.0,-16.965463638305664,-2.964341163635254,0.0,0.0,10.0
10.284158706665039,2.558560609817505,-1.502145528793335,-2.3531851768493652,0.0,1.45253324508667,-2.9753146171569824,0.0,-17.993879318237305,-2.812814235687256,0.0,0.0,10.0
10.284158706665039,2.388096809387207,-1.6882487535476685,-1.8619470596313477,0.0,0.4241173565387726,-2.8048508167266846,0.0,-19.022294998168945,-2.642350435256958,0.0,0.0,10.0
10.284158706665039,2.2043068408966064,-1.8202422857284546,-1.3323408365249634,0.0,-0.60429847240448,-2.621060848236084,0.0,-20.050710678100586,-2.4585604667663574,0.0,0.0,10.0
10.284158706665039,2.012655258178711,-1.8990305662155151,-0.8076986074447632,0.0,-1.6327143907546997,-2.4294092655181885,0.0,-21.079126358032227,-2.266908884048462,0.0,0.0,10.0
10.284158706665039,1.8181818723678589,-1.9284144639968872,-0.3178769052028656,0.0,-2.66113018989563,-2.234935998916626,0.0,-22.107542037963867,-2.0724356174468994,0.0,0.0,10.0
10.284158706665039,1.6253269910812378,-1.9140310287475586,0.11800970137119293,0.0,-3.6895461082458496,-2.042080879211426,0.0,-23.135957717895508,-1.8795806169509888,0.0,0.0,10.0
10.284158706665039,1.437838077545166,-1.862526774406433,0.48923060297966003,0.0,-4.71796178817749,-1.8545920848846436,0.0,-24.16437339782715,-1.692091703414917,0.0,0.0,10.0
10.284158706665039,1.2587389945983887,-1.780930757522583,0.7914344072341919,0.0,-5.746377468109131,-1.6754930019378662,0.0,-25.19278907775879,-1.5129926204681396,0.0,0.0,10.0
10.284158706665039,1.0903422832489014,-1.6761950254440308,1.0249700546264648,0.0,-6.77479362487793,-1.5070964097976685,0.0,-26.22120475769043,-1.3445959091186523,0.0,0.0,10.0
10.284158706665039,0.9342947006225586,-1.5548707246780396,1.1935027837753296,0.0,-7.80320930480957,-1.3510487079620361,0.0,-27.24962043762207,-1.1885483264923096,0.0,0.0,10.0
10.284158706665039,0.7916414737701416,-1.4228973388671875,1.3028929233551025,0.0,-8.831624984741211,-1.2083954811096191,0.0,-28.27803611755371,-1.0458950996398926,0.0,0.0,10.0
10.284158706665039,0.662903368473053,-1.2854771614074707,1.3603062629699707,0.0,-9.860040664672852,-1.0796573162078857,0.0,-29.306453704833984,-0.917156994342804,0.0,0.0,10.0
10.284158706665039,0.5481580495834351,-1.1470205783843994,1.3735238313674927,0.0,-10.888457298278809,-0.9649121165275574,0.0,-30.334869384765625,-0.802411675453186,0.0,0.0,10.0
10.284158706665039,0.447121798992157,-1.0111397504806519,1.3504210710525513,0.0,-11.91687297821045,-0.8638758063316345,0.0,-31.363285064697266,-0.701375424861908,0.0,0.0,10.0
10.284158706665039,0.3592269718647003,-0.8806816339492798,1.2985910177230835,0.0,-12.94528865814209,-0.7759810090065002,0.0,-32.391700744628906,-0.6134806275367737,0.0,0.0,10.0
10.284158706665039,0.28369399905204773,-0.757784366607666,1.2250828742980957,0.0,-13.97370433807373,-0.7004480361938477,0.0,-33.42011642456055,-0.5379476547241211,0.0,0.0,10.0
10.284158706665039,0.21959543228149414,-0.6439505815505981,1.1362372636795044,0.0,-15.002120018005371,-0.6363494396209717,0.0,-34.44853210449219,-0.4738490581512451,0.0,0.0,10.0
10.284158706665039,0.16591154038906097,-0.5401293039321899,1.0375957489013672,0.0,-16.030536651611328,-0.5826655626296997,0.0,-35.47694778442383,-0.42016515135765076,0.0,0.0,10.0
10.284158706665039,0.12157745659351349,-0.4467998147010803,0.9338683485984802,0.0,-17.05895233154297,-0.5383314490318298,0.0,-36.50536346435547,-0.37583109736442566,0.0,0.0,10.0
10.284158706665039,0.08552178740501404,-0.3640548586845398,0.8289444446563721,0.0,-18.08736801147461,-0.502275824546814,0.0,-37.53377914428711,-0.339775413274765,0.0,0.0,10.0
10.284158706665039,0.05669727921485901,-0.2916788160800934,0.7259349822998047,0.0,-19.11578369140625,-0.47345128655433655,0.0,-38.56219482421875,-0.31095090508461,0.0,0.0,10.0
10.284158706665039,0.034104280173778534,-0.22921964526176453,0.6272354125976562,0.0,-20.14419937133789,-0.45085829496383667,0.0,-39.59061050415039,-0.2883579134941101,0.0,0.0,10.0
10.284158706665039,0.016807714477181435,-0.1760527640581131,0.5346014499664307,0.0,-21.17261505126953,-0.4335617423057556,0.0,-40.61902618408203,-0.27106133103370667,0.0,0.0,10.0
10.284158706665039,0.003948501776903868,-0.13143685460090637,0.44923135638237,0.0,-22.201030731201172,-0.4207025170326233,0.0,-41.64744186401367,-0.25820213556289673,0.0,0.0,10.0
10.284158706665039,-0.0052497717551887035,-0.09456101059913635,0.37184959650039673,0.0,-23.229446411132812,-0.41150423884391785,0.0,-42.67585754394531,-0.24900385737419128,0.0,0.0,10.0
10.284158706665039,-0.011478065513074398,-0.06458378583192825,0.30278804898262024,0.0,-24.257862091064453,-0.40527594089508057,0.0,-43.70427322387695,-0.242775559425354,0.0,0.0,10.0
10.284158706665039,-0.015342220664024353,-0.04066448286175728,0.24206262826919556,0.0,-25.286277770996094,-0.4014118015766144,0.0,-44.732688903808594,-0.23891140520572662,0.0,0.0,10.0
10.284158706665039,-0.01736569218337536,-0.021987469866871834,0.18944309651851654,0.0,-26.314695358276367,-0.39938831329345703,0.0,-45.761104583740234,-0.23688793182373047,0.0,0.0,10.0
10.284158706665039,-0.017994079738855362,-0.007780272513628006,0.14451538026332855,0.0,-27.343111038208008,-0.3987599313259125,0.0,-46.78952407836914,-0.2362595498561859,0.0,0.0,10.0
10.284158706665039,-0.017600884661078453,0.002673752373084426,0.10673575103282928,0.0,-28.37152671813965,-0.3991531431674957,0.0,-47.81793975830078,-0.23665274679660797,0.0,0.0,10.0
10.284158706665039,-0.016494058072566986,0.010027339681982994,0.07547689974308014,0.0,-29.39994239807129,-0.40025997161865234,0.0,-48.84635543823242,-0.2377595752477646,0.0,0.0,10.0
10.284158706665039,-0.014922945760190487,0.014865032397210598,0.05006616562604904,0.0,-30.42835807800293,-0.4018310606479645,0.0,-49.87477111816406,-0.23933067917823792,0.0,0.0,10.0
10.284158706665039,-0.01308533363044262,0.01770195923745632,0.029816510155797005,0.0,-31.45677375793457,-0.40366867184638977,0.0,-50.9031867980957,-0.2411682903766632,0.0,0.0,10.0
10.284158706665039,-0.01113435160368681,0.018985025584697723,0.01405074167996645,0.0,-32.485191345214844,-0.40561968088150024,0.0,-51.931602478027344,-0.2431192696094513,0.0,0.0,10.0
10.284158706665039,-0.009185055270791054,0.0190958883613348,0.002119878539815545,0.0,-33.513607025146484,-0.40756896138191223,0.0,-52.960018157958984,-0.24506856501102448,0.0,0.0,10.0
10.284158706665039,-0.007320572156459093,0.018355246633291245,-0.0065836720168590546,0.0,-34.542022705078125,-0.4094334542751312,0.0,-53.988433837890625,-0.24693305790424347,0.0,0.0,10.0
10.284158706665039,-0.005597708746790886,0.0170279573649168,-0.012617313303053379,0.0,-35.570438385009766,-0.4111562967300415,0.0,-55.016849517822266,-0.24865591526031494,0.0,0.0,10.0
10.284158706665039,-0.004051991272717714,0.015328677371144295,-0.01648310385644436,0.0,-36.598854064941406,-0.4127020239830017,0.0,-56.045265197753906,-0.25020164251327515,0.0,0.0,10.0
10.284158706665039,-0.0027021116111427546,0.013427668251097202,-0.018625551834702492,0.0,-37.62726974487305,-0.41405192017555237,0.0,-57.07368087768555,-0.2515515089035034,0.0,0.0,10.0
10.284158706665039,-0.0015537868021056056,0.011456601321697235,-0.019431760534644127,0.0,-38.65568542480469,-0.41520023345947266,0.0,-58.10209655761719,-0.2526998519897461,0.0,0.0,10.0
10.284158706665039,-0.0006030519725754857,0.00951413344591856,-0.019233329221606255,0.0,-39.68410110473633,-0.4161509573459625,0.0,-59.13051223754883,-0.25365057587623596,0.0,0.0,10.0
10.284158706665039,0.00016097250045277178,0.007671162486076355,-0.01830955594778061,0.0,-40.71251678466797,-0.41691499948501587,0.0,-60.15892791748047,-0.2544145882129669,0.0,0.0,10.0
10.284158706665039,0.0007538029458373785,0.005975658539682627,-0.01689152792096138,0.0,-41.74093246459961,-0.4175078272819519,0.0,-61.18734359741211,-0.25500741600990295,0.0,0.0,10.0
10.284158706665039,0.0011937505332753062,0.004457023926079273,-0.015166743658483028,0.0,-42.76934814453125,-0.41794776916503906,0.0,-62.21575927734375,-0.2554473876953125,0.0,0.0,10.0
10.284158706665039,0.0015004678862169385,0.0031299616675823927,-0.01328399870544672,0.0,-43.79776382446289,-0.4182544946670532,0.0,-63.24417495727539,-0.2557540833950043,0.0,0.0,10.0
10.284158706665039,0.0016938319895416498,0.001997840590775013,-0.01135831605643034,0.0,-44.82617950439453,-0.4184478521347046,0.0,-64.27259063720703,-0.255947470664978,0.0,0.0,10.0
10.284158706665039,0.001793115632608533,0.001055584056302905,-0.00947574246674776,0.0,-45.85459518432617,-0.418547123670578,0.0,-65.30101013183594,-0.25604674220085144,0.0,0.0,10.0
10.284158706665039,0.001816400676034391,0.00029209599597379565,-0.0076978979632258415,0.0,-46.88301086425781,-0.4185704290866852,0.0,-66.32942199707031,-0.25607001781463623,0.0,0.0,10.0
10.284158706665039,0.0017801907379180193,-0.00030773182515986264,-0.006066186353564262,0.0,-47.91142654418945,-0.41853421926498413,0.0,-67.35784149169922,-0.2560338079929352,0.0,0.0,10.0
10.284158706665039,0.0016991852317005396,-0.0007613962516188622,-0.004605612251907587,0.0,-48.939842224121094,-0.4184532165527344,0.0,-68.3862533569336,-0.2559528052806854,0.0,0.0,10.0
10.284158706665039,0.0015861802967265248,-0.0010874983854591846,-0.0033281813375651836,0.0,-49.968257904052734,-0.41834020614624023,0.0,-69.4146728515625,-0.2558397948741913,0.0,0.0,10.0
10.284158706665039,0.0014520668191835284,-0.0013047553366050124,-0.002235871274024248,0.0,-50.996673583984375,-0.4182060956954956,0.0,-70.44308471679688,-0.25570568442344666,0.0,0.0,10.0
10.284158706665039,0.0013059007469564676,-0.0014312671264633536,-0.0013231844641268253,0.0,-52.025089263916016,-0.41805991530418396,0.0,-71.47150421142578,-0.2555595338344574,0.0,0.0,10.0
10.284158706665039,0.0011550243943929672,-0.0014839968644082546,-0.000579303246922791,0.0,-53.053504943847656,-0.41790905594825745,0.0,-72.49991607666016,-0.2554086446762085,0.0,0.0,10.0
10.284158706665039,0.0010052192956209183,-0.0014784284867346287,1.0127139830728993e-05,0.0,-54.0819206237793,-0.4177592396736145,0.0,-73.52833557128906,-0.25525885820388794,0.0,0.0,10.0
10.284158706665039,0.0008608801872469485,-0.0014283678028732538,0.00046155150630511343,0.0,-55.11033630371094,-0.4176149070262909,0.0,-74.55674743652344,-0.25511449575424194,0.0,0.0,10.0
10.284158706665039,0.0007251938804984093,-0.0013458564644679427,0.0007923581870272756,0.0,-56.138755798339844,-0.4174792170524597,0.0,-75.58516693115234,-0.25497883558273315,0.0,0.0,10.0
10.284158706665039,0.0006003195303492248,-0.0012411734787747264,0.0010199958924204111,0.0,-57.167171478271484,-0.4173543453216553,0.0,-76.61357879638672,-0.2548539340496063,0.0,0.0,10.0
10.284158706665039,0.00048755991156212986,-0.0011229004012420774,0.0011613169917836785,0.0,-58.195587158203125,-0.41724157333374023,0.0,-77.64199829101562,-0.25474119186401367,0.0,0.0,10.0
10.284158706665039,0.00038752189720980823,-0.0009980328613892198,0.0012321117101237178,0.0,-59.224002838134766,-0.41714152693748474,0.0,-78.67041015625,-0.2546411454677582,0.0,0.0,10.0
10.284158706665039,0.0003002618032041937,-0.0008721211343072355,0.001246801344677806,0.0,-60.252418518066406,-0.41705429553985596,0.0,-79.6988296508789,-0.254553884267807,0.0,0.0,10.0
10.284158706665039,0.00022541495854966342,-0.0007494277670048177,0.0012182592181488872,0.0,-61.28083419799805,-0.41697943210601807,0.0,-80.72724151611328,-0.2544790506362915,0.0,0.0,10.0
10.284158706665039,0.00016230801702477038,-0.0006330927717499435,0.0011577343102544546,0.0,-62.30924987792969,-0.4169163405895233,0.0,-81.75566101074219,-0.25441592931747437,0.0,0.0,10.0
10.284158706665039,0.00011005502892658114,-0.0005252969567663968,0.0010748525382950902,0.0,-63.33766555786133,-0.4168640673160553,0.0,-82.78407287597656,-0.25436368584632874,0.0,0.0,10.0
10.284158706665039,6.763727287761867e-05,-0.00042741955257952213,0.000977677060291171,0.0,-64.36608123779297,-0.4168216586112976,0.0,-83.81249237060547,-0.25432127714157104,0.0,0.0,10.0
10.284158706665039,3.396850297576748e-05,-0.0003401850117370486,0.0008728090324439108,0.0,-65.39449310302734,-0.4167879819869995,0.0,-84.84091186523438,-0.25428760051727295,0.0,0.0,10.0
6.663163185119629,0.0,0.0,0.0,0.0,25.307403564453125,0.5697781443595886,0.0,44.90919494628906,1.4585891962051392,0.0,0.18593242764472961,2.0
6.663163185119629,0.1099381074309349,0.16747863590717316,-0.06693560630083084,0.0,17.977924346923828,0.4598400294780731,0.0,37.579715728759766,1.3486511707305908,0.0,-0.23436400294303894,2.0
6.663163185119629,0.12384848296642303,0.12997692823410034,-0.34147533774375916,0.0,17.311609268188477,0.4459296464920044,0.0,36.91340255737305,1.3347407579421997,0.0,-3.5,10.0
6.663163185119629,0.1181669682264328,-0.12063227593898773,-1.670737624168396,0.0,16.645292282104492,0.45161116123199463,0.0,36.24708557128906,1.34042227268219,0.0,-3.5,10.0
6.663163185119629,0.07906921952962875,-0.43291595578193665,-2.3353688716888428,0.0,15.978976249694824,0.4907089173793793,0.0,35.58076858520508,1.379520058631897,0.0,-3.5,10.0
6.663163185119629,0.0056985169649124146,-0.7598575949668884,-2.667684316635132,0.0,15.312660217285156,0.5640796422958374,0.0,34.914451599121094,1.4528907537460327,0.0,-3.5,10.0
6.663163185119629,-0.10076499730348587,-1.0780912637710571,-2.8338422775268555,0.0,14.646343231201172,0.6705431342124939,0.0,34.24813461303711,1.5593541860580444,0.0,-3.5,10.0
6.663163185119629,-0.23814314603805542,-1.376163363456726,-2.907365083694458,0.0,13.980027198791504,0.807921290397644,0.0,33.581817626953125,1.6967324018478394,0.0,-3.5,10.0
6.663163185119629,-0.403717577457428,-1.6480754613876343,-2.6786692142486572,0.0,13.313711166381836,0.9734957218170166,0.0,32.915504455566406,1.862306833267212,0.0,-3.5,10.0
6.663163185119629,-0.5926852822303772,-1.875710129737854,-2.2604966163635254,0.0,12.647395133972168,1.1624634265899658,0.0,32.24918746948242,2.051274538040161,0.0,-3.5,10.0
6.663163185119629,-0.799368679523468,-2.049445390701294,-1.7392609119415283,0.0,11.981078147888184,1.3691468238830566,0.0,31.582870483398438,2.257957935333252,0.0,-3.5,10.0
6.663163185119629,-1.0178325176239014,-2.1659727096557617,-1.1793960332870483,0.0,11.314762115478516,1.5876106023788452,0.0,30.916553497314453,2.47642183303833,0.0,-3.5,10.0
6.663163185119629,-1.2423231601715088,-2.226506233215332,-0.627255380153656,0.0,10.648446083068848,1.8121013641357422,0.0,30.2502384185791,2.7009124755859375,0.0,-3.5,10.0
6.663163185119629,-1.4675647020339966,-2.235334634780884,-0.11456091701984406,0.0,9.982129096984863,2.0373427867889404,0.0,29.583921432495117,2.9261538982391357,0.0,-3.5,10.0
6.663163185119629,-1.6889413595199585,-2.1986732482910156,0.3385895788669586,0.0,9.315813064575195,2.2587194442749023,0.0,28.917604446411133,3.1475305557250977,0.0,-3.5,10.0
6.663163185119629,-1.902592658996582,-2.123775005340576,0.7211372256278992,0.0,8.649497032165527,2.4723708629608154,0.0,28.25128936767578,3.3611819744110107,0.0,-3.5,10.0
6.663163185119629,-2.105442523956299,-2.018256187438965,1.0288702249526978,0.0,7.983180522918701,2.6752207279205322,0.0,27.584972381591797,3.5640318393707275,0.0,-3.5,10.0
6.663163185119629,-2.2951810359954834,-1.8896070718765259,1.2625945806503296,0.0,7.316864490509033,2.864959239959717,0.0,26.918657302856445,3.753770351409912,0.0,-3.5,10.0
6.663163185119629,-2.4702112674713135,-1.7448490858078003,1.4266300201416016,0.0,6.650547981262207,3.039989471435547,0.0,26.25234031677246,3.928800582885742,0.0,-3.5,10.0
6.663163185119629,-2.629578113555908,-1.59031343460083,1.5275973081588745,0.0,5.984231472015381,3.1993563175201416,0.0,25.586023330688477,4.088167190551758,0.0,-3.5,10.0
6.663163185119629,-2.772881269454956,-1.4315141439437866,1.5734580755233765,0.0,5.317915439605713,3.3426594734191895,0.0,24.919708251953125,4.231470584869385,0.0,-3.5,10.0
6.663163185119629,-2.9001874923706055,-1.273093342781067,1.572773814201355,0.0,4.651598930358887,3.469965696334839,0.0,24.25339126586914,4.358776569366455,0.0,-0.5159149840474129,2.0
6.663163185119629,-2.9991683959960938,-0.9375390410423279,2.2863869667053223,0.0,3.9852826595306396,3.568946361541748,0.0,23.587074279785156,4.457757472991943,0.0,-0.5273053124547005,2.0
6.663163185119629,-3.0607714653015137,-0.5783942937850952,2.643193483352661,0.0,3.3189663887023926,3.630549669265747,0.0,22.920759201049805,4.5193610191345215,0.0,-0.03237820416688919,2.0
6.663163185119629,-3.083355665206909,-0.19061043858528137,2.821596622467041,0.0,2.6526501178741455,3.6531336307525635,0.0,22.25444221496582,4.541944980621338,0.0,-0.04180169850587845,2.0
6.663163185119629,-3.0678324699401855,0.1798240840435028,2.9107983112335205,0.0,1.9863338470458984,3.637610673904419,0.0,21.588125228881836,4.526421546936035,0.0,-0.054407693445682526,2.0
6.663163185119629,-3.0166733264923096,0.5262787938117981,2.95539927482605,0.0,1.3200175762176514,3.586451530456543,0.0,20.921810150146484,4.475262641906738,0.0,-0.06793276220560074,2.0
6.663163185119629,-2.9326324462890625,0.8456159234046936,2.9776995182037354,0.0,0.6537012457847595,3.502410650253296,0.0,20.2554931640625,4.391221523284912,0.0,-0.08163974434137344,2.0
6.663163185119629,-2.8185837268829346,1.1364991664886475,2.8595845699310303,0.0,-0.012615089304745197,3.388361930847168,0.0,19.589176177978516,4.277173042297363,0.0,-0.09323618561029434,2.0
6.663163185119629,-2.6783668994903564,1.3908305168151855,2.5203869342803955,0.0,-0.6789314150810242,3.2481448650360107,0.0,18.922861099243164,4.136956214904785,0.0,-0.111759252846241,2.0
6.663163185119629,-2.5171990394592285,1.5959008932113647,2.047603130340576,0.0,-1.345247745513916,3.086977243423462,0.0,18.25654411315918,3.9757883548736572,0.0,-0.13317593932151794,2.0
6.663163185119629,-2.340824842453003,1.7458285093307495,1.510367512702942,0.0,-2.011564016342163,2.9106030464172363,0.0,17.590229034423828,3.7994141578674316,0.0,-0.6600666046142578,2.0
6.663163185119629,-2.1571686267852783,1.809188723564148,0.6882585883140564,0.0,-2.67788028717041,2.7269465923309326,0.0,16.923912048339844,3.615757703781128,0.0,-0.6842314004898071,2.0
6.663163185119629,-1.9743901491165161,1.8052445650100708,0.011227838695049286,0.0,-3.3441965579986572,2.54416823387146,0.0,16.25759506225586,3.4329793453216553,0.0,-0.6901980936527252,2.0
6.663163185119629,-1.7977288961410522,1.7489992380142212,-0.5179466605186462,0.0,-4.010512828826904,2.367506980895996,0.0,15.591279029846191,3.2563180923461914,0.0,-0.6919336020946503,2.0
6.663163185119629,-1.6310193538665771,1.6539733409881592,-0.9123411774635315,0.0,-4.6768293380737305,2.2007975578308105,0.0,14.924962997436523,3.0896084308624268,0.0,-0.6756502091884613,2.0
6.663163185119629,-1.4768341779708862,1.5329527854919434,-1.1798694133758545,0.0,-5.343145370483398,2.04661226272583,0.0,14.258646965026855,2.9354233741760254,0.0,-0.6497766375541687,2.0
6.663163185119629,-1.3366177082061768,1.3969312906265259,-1.3373490571975708,0.0,-6.009461879730225,1.9063959121704102,0.0,13.592329978942871,2.7952070236206055,0.0,-0.6242816597223282,2.0
6.663163185119629,-1.2109310626983643,1.2545411586761475,-1.4074838161468506,0.0,-6.675778388977051,1.780709147453308,0.0,12.926013946533203,2.669520378112793,0.0,-0.6063933297991753,2.0
6.663163185119629,-1.099711298942566,1.111985206604004,-1.4141170978546143,0.0,-7.342094421386719,1.6694895029067993,0.0,12.259697914123535,2.558300495147705,0.0,-0.5859751403331757,2.0
6.663163185119629,-1.0024385452270508,0.9741661548614502,-1.3711369037628174,0.0,-8.008410453796387,1.5722167491912842,0.0,11.59338092803955,2.4610278606414795,0.0,-0.5589648336172104,2.0
6.663163185119629,-0.9182143807411194,0.8449916839599609,-1.2887582778930664,0.0,-8.674727439880371,1.487992525100708,0.0,10.927064895629883,2.3768036365509033,0.0,-0.5227696187794209,2.0
6.663163185119629,-0.8458370566368103,0.7275598049163818,-1.1751906871795654,0.0,-9.341043472290039,1.415615200996399,0.0,10.260748863220215,2.3044261932373047,0.0,-0.4923436567187309,2.0
6.663163185119629,-0.7839404344558716,0.6232565641403198,-1.0464625358581543,0.0,-10.007359504699707,1.3537185192108154,0.0,9.594432830810547,2.2425296306610107,0.0,-0.4735298901796341,2.0
6.663163185119629,-0.7311745285987854,0.531952977180481,-0.9175801873207092,0.0,-10.673675537109375,1.300952672958374,0.0,8.928115844726562,2.1897637844085693,0.0,-0.4646547883749008,2.0
6.663163185119629,-0.686309814453125,0.45263758301734924,-0.7978110313415527,0.0,-11.33999252319336,1.2560878992080688,0.0,8.261799812316895,2.1448991298675537,0.0,-0.46598251909017563,2.0
6.663163185119629,-0.6482864022254944,0.3837207853794098,-0.6931636333465576,0.0,-12.006308555603027,1.218064546585083,0.0,7.595483303070068,2.1068756580352783,0.0,-0.4790319502353668,2.0
6.663163185119629,-0.6162499189376831,0.3232101798057556,-0.6077730655670166,0.0,-12.672624588012695,1.186028003692627,0.0,6.9291672706604,2.0748391151428223,0.0,-0.4865926578640938,2.0
6.663163185119629,-0.5894950032234192,0.2700046896934509,-0.5340878367424011,0.0,-13.33894157409668,1.1592731475830078,0.0,6.262850761413574,2.048084259033203,0.0,-0.4951186701655388,2.0
6.663163185119629,-0.5673962831497192,0.22310936450958252,-0.4704357087612152,0.0,-14.005257606506348,1.137174367904663,0.0,5.596534729003906,2.0259854793548584,0.0,-0.5174390226602554,2.0
6.663163185119629,-0.5494678616523743,0.1808878630399704,-0.42234858870506287,0.0,-14.671573638916016,1.119246006011963,0.0,4.93021821975708,2.008057117462158,0.0,-0.5520204082131386,2.0
6.663163185119629,-0.5354149341583252,0.14155375957489014,-0.39166903495788574,0.0,-15.337890625,1.105193018913269,0.0,4.263902187347412,1.9940041303634644,0.0,-0.571949914097786,2.0
6.663163185119629,-0.5250115394592285,0.10495921969413757,-0.3639875054359436,0.0,-16.00420570373535,1.0947896242141724,0.0,3.597585678100586,1.9836007356643677,0.0,-0.5751869529485703,2.0
6.663163185119629,-0.5179327726364136,0.07195311784744263,-0.32907426357269287,0.0,-16.670522689819336,1.0877108573913574,0.0,2.931269407272339,1.9765219688415527,0.0,-0.5748178660869598,2.0
6.663163185119629,-0.5137562155723572,0.04312758892774582,-0.2882484793663025,0.0,-17.33683967590332,1.0835343599319458,0.0,2.264953136444092,1.9723454713821411,0.0,-0.5620876550674438,2.0
6.663163185119629,-0.5119771957397461,0.019456570968031883,-0.23824790120124817,0.0,-18.003154754638672,1.08175528049469,0.0,1.5986367464065552,1.9705663919448853,0.0,0.0,10.0
6.663163185119629,-0.509678840637207,0.03463124483823776,0.11204707622528076,0.0,-18.669471740722656,1.0794569253921509,0.0,0.9323204159736633,1.9682680368423462,0.0,-0.5315706767141819,2.0
6.663163185119629,-0.5056737065315247,0.03751949220895767,0.035952210426330566,0.0,-19.33578872680664,1.0754518508911133,0.0,0.26600414514541626,1.9642629623413086,0.0,0.0,10.0
6.663163185119629,-0.49969160556793213,0.06761868298053741,0.27056780457496643,0.0,-20.002103805541992,1.069469690322876,0.0,-0.4003121554851532,1.9582808017730713,0.0,0.0,10.0
6.663163185119629,-0.4891722798347473,0.10935744643211365,0.396001398563385,0.0,-20.668420791625977,1.058950424194336,0.0,-1.0666284561157227,1.9477615356445312,0.0,0.0,10.0
6.663163185119629,-0.47382795810699463,0.15495727956295013,0.4417976438999176,0.0,-21.33473777770996,1.0436060428619385,0.0,-1.7329447269439697,1.9324171543121338,0.0,0.0,10.0
6.663163185119629,-0.4538939595222473,0.19899848103523254,0.43181243538856506,0.0,-22.001052856445312,1.023672103881836,0.0,-2.399260997772217,1.9124832153320312,0.0,0.0,10.0
6.663163185119629,-0.42994430661201477,0.23792999982833862,0.3849796652793884,0.0,-22.667369842529297,0.999722421169281,0.0,-3.065577507019043,1.888533592224121,0.0,0.0,10.0
6.663163185119629,-0.4027490019798279,0.2696513831615448,0.31602925062179565,0.0,-23.33368492126465,0.9725271463394165,0.0,-3.73189377784729,1.8613382577896118,0.0,0.0,10.0
6.663163185119629,-0.3731665313243866,0.29316070675849915,0.23614837229251862,0.0,-24.000001907348633,0.9429446458816528,0.0,-4.398210048675537,1.8317557573318481,0.0,0.0,10.0
6.663163185119629,-0.3420650064945221,0.30826282501220703,0.1535806655883789,0.0,-24.666318893432617,0.9118431806564331,0.0,-5.064526557922363,1.8006542921066284,0.0,0.0,10.0
6.663163185119629,-0.31026729941368103,0.3153306543827057,0.07416142523288727,0.0,-25.33263397216797,0.880045473575592,0.0,-5.730842590332031,1.7688565254211426,0.0,0.0,10.0
6.663163185119629,-0.2785148322582245,0.31511372327804565,0.0017886594869196415,0.0,-25.998950958251953,0.8482930064201355,0.0,-6.397159099578857,1.737104058265686,0.0,0.0,10.0
6.663163185119629,-0.2474464327096939,0.3085874319076538,-0.06116795912384987,0.0,-26.665267944335938,0.8172245621681213,0.0,-7.063475131988525,1.7060356140136719,0.0,0.0,10.0
6.663163185119629,-0.21758843958377838,0.2968369424343109,-0.11351709067821503,0.0,-27.33158302307129,0.7873665690422058,0.0,-7.729791641235352,1.6761776208877563,0.0,0.0,10.0
6.663163185119629,-0.18935346603393555,0.2809706926345825,-0.15495051443576813,0.0,-27.997900009155273,0.7591316103935242,0.0,-8.39610767364502,1.6479426622390747,0.0,0.0,10.0
6.663163185119629,-0.1630450338125229,0.2620581090450287,-0.18579792976379395,0.0,-28.664216995239258,0.7328231930732727,0.0,-9.062423706054688,1.6216342449188232,0.0,0.0,10.0
6.663163185119629,-0.13886642456054688,0.24108703434467316,-0.2068265974521637,0.0,-29.33053207397461,0.7086445689201355,0.0,-9.728740692138672,1.597455620765686,0.0,0.0,10.0
6.663163185119629,-0.11693201959133148,0.2189372032880783,-0.21908077597618103,0.0,-29.996849060058594,0.6867101788520813,0.0,-10.39505672454834,1.5755212306976318,0.0,0.0,10.0
6.663163185119629,-0.09727996587753296,0.1963661164045334,-0.2237556129693985,0.0,-30.663166046142578,0.6670581102371216,0.0,-11.061372756958008,1.555869221687317,0.0,0.0,10.0
6.663163185119629,-0.07988516986370087,0.17400434613227844,-0.22210074961185455,0.0,-31.32948112487793,0.6496633291244507,0.0,-11.727689743041992,1.538474440574646,0.0,0.0,10.0
6.663163185119629,-0.06467198580503464,0.15235792100429535,-0.21534891426563263,0.0,-31.995798110961914,0.6344501376152039,0.0,-12.39400577545166,1.5232611894607544,0.0,0.0,10.0
6.663163185119629,-0.05152612552046776,0.13181555271148682,-0.20466528832912445,0.0,-32.662113189697266,0.6213042736053467,0.0,-13.060321807861328,1.510115385055542,0.0,0.0,10.0
6.663163185119629,-0.04030544310808182,0.11265913397073746,-0.19111384451389313,0.0,-33.32843017578125,0.6100835800170898,0.0,-13.726638793945312,1.4988946914672852,0.0,0.0,10.0
6.663163185119629,-0.030849449336528778,0.09507624804973602,-0.17563726007938385,0.0,-33.994747161865234,0.600627601146698,0.0,-14.39295482635498,1.4894386529922485,0.0,0.0,10.0
6.663163185119629,-0.022987432777881622,0.07917343825101852,-0.1590474247932434,0.0,-34.66106414794922,0.5927655696868896,0.0,-15.059270858764648,1.481576681137085,0.0,0.0,10.0
6.663163185119629,-0.016545236110687256,0.06498958170413971,-0.1420239806175232,0.0,-35.3273811340332,0.5863233804702759,0.0,-15.725586891174316,1.4751344919204712,0.0,0.0,10.0
6.663163185119629,-0.011350714601576328,0.052508775144815445,-0.12511876225471497,0.0,-35.99369430541992,0.5811288356781006,0.0,-16.391902923583984,1.469939947128296,0.0,0.0,10.0
6.663163185119629,-0.007237992715090513,0.04167233780026436,-0.10876445472240448,0.0,-36.660011291503906,0.5770161151885986,0.0,-17.05821990966797,1.465827226638794,0.0,0.0,10.0
6.663163185119629,-0.004050619900226593,0.03238959610462189,-0.09328573942184448,0.0,-37.32632827758789,0.5738287568092346,0.0,-17.724536895751953,1.4626398086547852,0.0,0.0,10.0
6.663163185119629,-0.0016437740996479988,0.02454744093120098,-0.07891208678483963,0.0,-37.992645263671875,0.5714219212532043,0.0,-18.390851974487305,1.4602329730987549,0.0,0.0,10.0
6.663163185119629,0.00011435312626417726,0.018018469214439392,-0.0657910630106926,0.0,-38.65896224975586,0.5696637630462646,0.0,-19.05716896057129,1.45847487449646,0.0,0.0,10.0
6.663163185119629,0.001341857248917222,0.012667834758758545,-0.05400153994560242,0.0,-39.32527542114258,0.5684362649917603,0.0,-19.723485946655273,1.4572473764419556,0.0,0.0,10.0
6.663163185119629,0.0021429734770208597,0.008358802646398544,-0.04356636852025986,0.0,-39.99159240722656,0.567635178565979,0.0,-20.389801025390625,1.4564462900161743,0.0,0.0,10.0
6.663163185119629,0.0026083665434271097,0.004957139957696199,-0.034464042633771896,0.0,-40.65790939331055,0.5671697854995728,0.0,-21.05611801147461,1.455980896949768,0.0,0.0,10.0
6.663163185119629,0.0028157480992376804,0.002334444783627987,-0.02663925476372242,0.0,-41.32422637939453,0.5669623613357544,0.0,-21.72243309020996,1.4557734727859497,0.0,0.0,10.0
6.663163185119629,0.002830731915310025,0.00037055363645777106,-0.020012181252241135,0.0,-41.990543365478516,0.5669474005699158,0.0,-22.388750076293945,1.4557584524154663,0.0,0.0,10.0
6.663163185119629,0.0027078448329120874,-0.0010448521934449673,-0.014486453495919704,0.0,-42.6568603515625,0.5670703053474426,0.0,-23.05506706237793,1.4558813571929932,0.0,0.0,10.0
6.663163185119629,0.002491628285497427,-0.0020113030914217234,-0.009955858811736107,0.0,-43.32317352294922,0.567286491394043,0.0,-23.72138214111328,1.4560976028442383,0.0,0.0,10.0
6.663163185119629,0.0022177747450768948,-0.0026171430945396423,-0.006309820339083672,0.0,-43.9894905090332,0.5675603747367859,0.0,-24.387699127197266,1.4563714265823364,0.0,0.0,10.0
6.663163185119629,0.001914257532916963,-0.002939563011750579,-0.00343776261433959,0.0,-44.65580749511719,0.5678638815879822,0.0,-25.05401611328125,1.4566749334335327,0.0,0.0,10.0
6.663163185119629,0.0016024208161979914,-0.003044965909793973,-0.0012324732961133122,0.0,-45.32212448120117,0.568175733089447,0.0,-25.7203311920166,1.4569867849349976,0.0,0.0,10.0
6.663163185119629,0.0012980062747374177,-0.0029895745683461428,0.0004074242024216801,0.0,-45.988441467285156,0.5684801340103149,0.0,-26.386648178100586,1.4572912454605103,0.0,0.0,10.0
6.663163185119629,0.0010120989754796028,-0.0028202065732330084,0.001575753791257739,0.0,-46.65475845336914,0.5687660574913025,0.0,-27.05296516418457,1.457577109336853,0.0,0.0,10.0
6.663163185119629,0.0007519834325648844,-0.00257515418343246,0.002357709687203169,0.0,-47.32107162475586,0.5690261721611023,0.0,-27.719280242919922,1.4578372240066528,0.0,0.0,10.0
7.104727745056152,0.0,0.0,0.0,0.0,46.454769134521484,1.3010632991790771,0.0,64.78483581542969,1.0596131086349487,0.0,-3.5,10.0
7.104727745056152,-2.0693764686584473,-3.1526668071746826,1.2595915794372559,0.0,38.63979721069336,3.3704397678375244,0.0,56.96986770629883,3.1289896965026855,0.0,-3.5,10.0
7.104727745056152,-2.365095376968384,-2.9273951053619385,2.129795789718628,0.0,37.929325103759766,3.666158676147461,0.0,56.259395599365234,3.424708366394043,0.0,-3.5,10.0
7.104727745056152,-2.6318557262420654,-2.648132562637329,2.5648980140686035,0.0,37.21885299682617,3.9329190254211426,0.0,55.54892349243164,3.6914689540863037,0.0,-3.5,10.0
7.104727745056152,-2.8678367137908936,-2.34710693359375,2.7824490070343018,0.0,36.50838088989258,4.168900012969971,0.0,54.83844757080078,3.927449941635132,0.0,-3.5,10.0
7.104727745056152,-3.0726938247680664,-2.0410308837890625,2.8912243843078613,0.0,35.79790496826172,4.3737568855285645,0.0,54.12797546386719,4.132307052612305,0.0,-3.5,10.0
7.104727745056152,-3.2468740940093994,-1.7387807369232178,2.9456121921539307,0.0,35.087432861328125,4.547937393188477,0.0,53.417503356933594,4.306487083435059,0.0,-3.5,10.0
7.104727745056152,-3.391268253326416,-1.4452383518218994,2.9074528217315674,0.0,34.37696075439453,4.692331314086914,0.0,52.70703125,4.450881481170654,0.0,-3.5,10.0
7.104727745056152,-3.5075035095214844,-1.1671844720840454,2.7630531787872314,0.0,33.66648864746094,4.808566570281982,0.0,51.996559143066406,4.567116737365723,0.0,-3.5,10.0
7.104727745056152,-3.59794282913208,-0.9116261005401611,2.5464401245117188,0.0,32.956016540527344,4.899005889892578,0.0,51.28608703613281,4.657556056976318,0.0,-3.5,10.0
7.104727745056152,-3.6653547286987305,-0.6828358173370361,2.285226345062256,0.0,32.245540618896484,4.966418266296387,0.0,50.57561111450195,4.724967956542969,0.0,-3.5,10.0
7.104727745056152,-3.712700128555298,-0.4829210340976715,2.001324415206909,0.0,31.535070419311523,5.013763427734375,0.0,49.86513900756836,4.772313117980957,0.0,-3.5,10.0
7.104727745056152,-3.742966651916504,-0.31232067942619324,1.7116707563400269,0.0,30.824596405029297,5.044029712677002,0.0,49.154666900634766,4.802579879760742,0.0,-3.5,10.0
7.104727745056152,-3.759047269821167,-0.17023049294948578,1.428929328918457,0.0,30.114124298095703,5.060110569000244,0.0,48.44419479370117,4.818660259246826,0.0,-3.5,10.0
7.104727745056152,-3.7636544704437256,-0.0549611821770668,1.1621612310409546,0.0,29.40365219116211,5.064717769622803,0.0,47.73372268676758,4.823267459869385,0.0,-3.5,10.0
7.104727745056152,-3.7592623233795166,0.03576546162366867,0.9174445271492004,0.0,28.693178176879883,5.060325622558594,0.0,47.023250579833984,4.818875789642334,0.0,-3.5,10.0
7.104727745056152,-3.748075008392334,0.1045769453048706,0.6984373331069946,0.0,27.98270606994629,5.04913854598999,0.0,46.312774658203125,4.807688236236572,0.0,-3.5,10.0
7.104727745056152,-3.732011079788208,0.15426044166088104,0.5068787932395935,0.0,27.272233963012695,5.033074378967285,0.0,45.60230255126953,4.791624069213867,0.0,-3.5,10.0
7.104727745056152,-3.7127034664154053,0.18761703372001648,0.34302818775177,0.0,26.56175994873047,5.013766765594482,0.0,44.89183044433594,4.772316932678223,0.0,-3.5,10.0
7.104727745056152,-3.691512107849121,0.2073533684015274,0.2060413360595703,0.0,25.851287841796875,4.992575168609619,0.0,44.181358337402344,4.751125335693359,0.0,-3.5,10.0
7.104727745056152,-3.669539451599121,0.21600507199764252,0.09428924322128296,0.0,25.14081382751465,4.970602989196777,0.0,43.47088623046875,4.729152679443359,0.0,-3.5,10.0
7.104727745056152,-3.647655725479126,0.21588629484176636,0.005621565971523523,0.0,24.430341720581055,4.948719024658203,0.0,42.76041030883789,4.707268714904785,0.0,-3.5,10.0
7.104727745056152,-3.62652325630188,0.20906038582324982,-0.062419481575489044,0.0,23.71986961364746,4.927586555480957,0.0,42.0499382019043,4.686136245727539,0.0,-3.5,10.0
7.104727745056152,-3.606624126434326,0.1973274201154709,-0.11242960393428802,0.0,23.009395599365234,4.907687187194824,0.0,41.3394660949707,4.6662373542785645,0.0,-3.5,10.0
7.104727745056152,-3.5882866382598877,0.18222451210021973,-0.14701181650161743,0.0,22.29892349243164,4.889349937438965,0.0,40.62899398803711,4.647899627685547,0.0,-3.5,10.0
7.104727745056152,-3.5717110633850098,0.1650356650352478,-0.16867928206920624,0.0,21.588451385498047,4.872774124145508,0.0,39.918521881103516,4.631324291229248,0.0,-3.5,10.0
7.104727745056152,-3.556993246078491,0.1468084305524826,-0.17978645861148834,0.0,20.87797737121582,4.858056545257568,0.0,39.20804977416992,4.616606712341309,0.0,-3.5,10.0
7.104727745056152,-3.54414701461792,0.12837481498718262,-0.18248368799686432,0.0,20.167505264282227,4.845210552215576,0.0,38.49757385253906,4.603760242462158,0.0,-3.5,10.0
7.104727745056152,-3.5331223011016846,0.11037484556436539,-0.17869074642658234,0.0,19.457033157348633,4.834185600280762,0.0,37.78710174560547,4.592735290527344,0.0,-3.5,10.0
7.104727745056152,-3.5238230228424072,0.09328104555606842,-0.170085608959198,0.0,18.746559143066406,4.824886322021484,0.0,37.076629638671875,4.583436012268066,0.0,-3.5,10.0
7.104727745056152,-3.516120672225952,0.07742283493280411,-0.15810465812683105,0.0,18.036087036132812,4.817183971405029,0.0,36.36615753173828,4.575733661651611,0.0,-3.5,10.0
7.104727745056152,-3.509866952896118,0.06300994753837585,-0.14395169913768768,0.0,17.32561492919922,4.810930252075195,0.0,35.65568542480469,4.569479942321777,0.0,-3.5,10.0
7.104727745056152,-3.5049026012420654,0.05015430599451065,-0.1286129206418991,0.0,16.615140914916992,4.805965900421143,0.0,34.945213317871094,4.564515590667725,0.0,-3.5,10.0
7.104727745056152,-3.501066207885742,0.038889870047569275,-0.11287593096494675,0.0,15.904668807983398,4.80212926864624,0.0,34.234737396240234,4.5606794357299805,0.0,-3.5,10.0
7.104727745056152,-3.4981987476348877,0.02919040620326996,-0.09735117852687836,0.0,15.194195747375488,4.799262046813965,0.0,33.52426528930664,4.557812213897705,0.0,-3.5,10.0
7.104727745056152,-3.496149778366089,0.020984917879104614,-0.08249415457248688,0.0,14.483723640441895,4.797213077545166,0.0,32.81379318237305,4.555763244628906,0.0,-3.5,10.0
7.104727745056152,-3.494778871536255,0.014170879498124123,-0.06862768530845642,0.0,13.773250579833984,4.795842170715332,0.0,32.10332107543945,4.554392337799072,0.0,-3.5,10.0
7.104727745056152,-3.4939587116241455,0.008625296875834465,-0.05596328154206276,0.0,13.062777519226074,4.795022010803223,0.0,31.392847061157227,4.553571701049805,0.0,-3.5,10.0
7.104727745056152,-3.493575096130371,0.004213773645460606,-0.044621095061302185,0.0,12.352304458618164,4.794638156890869,0.0,30.682374954223633,4.553188323974609,0.0,-3.5,10.0
7.104727745056152,-3.4935286045074463,0.0007977467612363398,-0.034648165106773376,0.0,11.64183235168457,4.794591903686523,0.0,29.97190284729004,4.5531415939331055,0.0,-3.5,10.0
7.104727745056152,-3.4937331676483154,-0.001759904669597745,-0.026034675538539886,0.0,10.93135929107666,4.794796466827393,0.0,29.261428833007812,4.553346157073975,0.0,-3.5,10.0
7.104727745056152,-3.4941165447235107,-0.0035906678531318903,-0.018728168681263924,0.0,10.22088623046875,4.795179843902588,0.0,28.55095672607422,4.55372953414917,0.0,-3.5,10.0
7.104727745056152,-3.4946186542510986,-0.004817419685423374,-0.012645733542740345,0.0,9.510414123535156,4.795681953430176,0.0,27.840484619140625,4.554231643676758,0.0,-3.5,10.0
7.104727745056152,-3.495190382003784,-0.0055524674244225025,-0.0076842522248625755,0.0,8.799941062927246,4.796253681182861,0.0,27.1300106048584,4.554803371429443,0.0,-3.5,10.0
7.104727745056152,-3.495793104171753,-0.00589642534032464,-0.003728800220414996,0.0,8.089468002319336,4.79685640335083,0.0,26.419538497924805,4.555406093597412,0.0,-3.5,10.0
7.104727745056152,-3.4963972568511963,-0.00593775836750865,-0.0006593986181542277,0.0,7.378995418548584,4.797460556030273,0.0,25.70906639099121,4.5560102462768555,0.0,-3.5,10.0
7.104727745056152,-3.4969801902770996,-0.005752842873334885,0.0016437270678579807,0.0,6.668522834777832,4.798043251037598,0.0,24.998592376708984,4.556593418121338,0.0,-0.2615409791469574,2.775360345840454
7.104727745056152,-3.483665704727173,0.1913299709558487,1.500821828842163,0.0,5.95805025100708,4.78472900390625,0.0,24.28812026977539,4.543278694152832,0.0,-0.239675372838974,2.7536721229553223
7.104727745056152,-3.4407079219818115,0.465275377035141,2.250411033630371,0.0,5.24757719039917,4.741771221160889,0.0,23.577648162841797,4.500321388244629,0.0,-0.2274596393108368,2.7152512073516846
7.104727745056152,-3.366455554962158,0.7624133825302124,2.6252055168151855,0.0,4.537104606628418,4.6675190925598145,0.0,22.86717414855957,4.4260687828063965,0.0,-3.5,10.0
7.104727745056152,-3.2756354808807373,0.8567913770675659,1.080262541770935,0.0,3.826631784439087,4.5766987800598145,0.0,22.156702041625977,4.335248947143555,0.0,0.25354108214378357,2.5251803398132324
7.104727745056152,-3.171457529067993,1.0727696418762207,2.01338791847229,0.0,3.116158962249756,4.47252082824707,0.0,21.446229934692383,4.231070518493652,0.0,-3.5,10.0
7.104727745056152,-3.0565197467803955,1.0949344635009766,0.3769688606262207,0.0,2.405686140060425,4.357583045959473,0.0,20.735755920410156,4.116132736206055,0.0,0.24878691136837006,2.3434066772460938
7.104727745056152,-2.9358580112457275,1.2367863655090332,1.285159945487976,0.0,1.6952134370803833,4.236921310424805,0.0,20.025283813476562,3.9954710006713867,0.0,-3.5,10.0
7.104727745056152,-2.8116934299468994,1.1881383657455444,-0.323390930891037,0.0,0.9847406148910522,4.112756729125977,0.0,19.31481170654297,3.8713064193725586,0.0,0.232680544257164,2.153942346572876
7.104727745056152,-2.6884210109710693,1.264624834060669,0.6366152763366699,0.0,0.27426788210868835,3.9894843101501465,0.0,18.604337692260742,3.7480342388153076,0.0,3.5,10.0
7.104727745056152,-2.537445306777954,1.5847150087356567,1.818307638168335,0.0,-0.4362049102783203,3.8385086059570312,0.0,17.89386558532715,3.5970582962036133,0.0,3.5,10.0
7.104727745056152,-2.348165988922119,1.9434945583343506,2.409153699874878,0.0,-1.1466776132583618,3.6492292881011963,0.0,17.183391571044922,3.4077792167663574,0.0,3.5,10.0
7.104727745056152,-2.1213881969451904,2.2998504638671875,2.7045769691467285,0.0,-1.8571504354476929,3.4224514961242676,0.0,16.472919464111328,3.1810014247894287,0.0,3.5,10.0
7.104727745056152,-1.859655499458313,2.6337389945983887,2.8522884845733643,0.0,-2.5676231384277344,3.1607186794281006,0.0,15.762447357177734,2.9192686080932617,0.0,3.5,10.0
7.104727745056152,-1.5663235187530518,2.9357426166534424,2.9261441230773926,0.0,-3.2780959606170654,2.867386817932129,0.0,15.051974296569824,2.62593674659729,0.0,3.5,10.0
7.104727745056152,-1.245087742805481,3.201838254928589,2.6122899055480957,0.0,-3.9885687828063965,2.5461509227752686,0.0,14.341501235961914,2.3047008514404297,0.0,3.5,10.0
7.104727745056152,-0.9022969007492065,3.409461498260498,2.059910535812378,0.0,-4.699041366577148,2.2033603191375732,0.0,13.63102912902832,1.9619101285934448,0.0,3.5,10.0
7.104727745056152,-0.5453236699104309,3.5471835136413574,1.3838969469070435,0.0,-5.409514427185059,1.8463870286941528,0.0,12.92055606842041,1.6049368381500244,0.0,3.5,10.0
7.104727745056152,-0.1817544847726822,3.611856698989868,0.6689005494117737,0.0,-6.1199870109558105,1.4828177690505981,0.0,12.2100830078125,1.2413676977157593,0.0,3.5,10.0
7.104727745056152,0.1811753660440445,3.606172561645508,-0.025103982537984848,0.0,-6.8304595947265625,1.1198879480361938,0.0,11.49960994720459,0.8784378170967102,0.0,3.5,10.0
7.104727745056152,0.5369539260864258,3.5367047786712646,-0.6579422950744629,0.0,-7.540932655334473,0.7641094326972961,0.0,10.789137840270996,0.5226592421531677,0.0,3.5,10.0
7.104727745056152,0.8800128698348999,3.4123711585998535,-1.2050241231918335,0.0,-8.251405715942383,0.42105045914649963,0.0,10.078664779663086,0.1796002984046936,0.0,3.5,10.0
7.104727745056152,1.2058322429656982,3.243255376815796,-1.653747797012329,0.0,-8.961877822875977,0.09523113071918488,0.0,9.368191719055176,-0.14621903002262115,0.0,3.5,10.0
7.104727745056152,1.5109586715698242,3.0397276878356934,-2.000476598739624,0.0,-9.672350883483887,-0.20989540219306946,0.0,8.657719612121582,-0.4513455629348755,0.0,3.5,10.0
7.104727745056152,1.7929632663726807,2.8118133544921875,-2.2480366230010986,0.0,-10.382823944091797,-0.4918999969959259,0.0,7.947246551513672,-0.7333501577377319,0.0,3.5,10.0
7.104727745056152,2.050356864929199,2.5687644481658936,-2.403677225112915,0.0,-11.09329605102539,-0.7492935061454773,0.0,7.23677396774292,-0.9907436370849609,0.0,3.5,10.0
7.104727745056152,2.282480239868164,2.3187918663024902,-2.4774436950683594,0.0,-11.8037691116333,-0.9814169406890869,0.0,6.52630090713501,-1.2228671312332153,0.0,3.5,10.0
