0,0,8.302933692932129,0.0,0.0,0.0,0.0,60.521263122558594,0.8033177852630615,0.0,43.591243743896484,-1.0391451120376587,0.0,-3.5,10.0
0,5,8.302933692932129,-3.0727124214172363,-2.0410068035125732,2.8912312984466553,0.0,48.06706237792969,3.876030206680298,0.0,31.137041091918945,2.033567190170288,0.0,-3.5,10.0
0,10,8.302933692932129,-3.665362596511841,-0.6828173995018005,2.285207748413086,0.0,43.915592193603516,4.468680381774902,0.0,26.98557472229004,2.6262176036834717,0.0,-3.5,10.0
0,15,8.302933692932129,-3.7592639923095703,0.03577405586838722,0.9174266457557678,0.0,39.76412582397461,4.562582015991211,0.0,22.834108352661133,2.720118999481201,0.0,-3.5,10.0
0,20,8.302933692932129,-3.669538974761963,0.2160072922706604,0.0942799523472786,0.0,35.6126594543457,4.472856521606445,0.0,18.682641983032227,2.6303937435150146,0.0,-3.5,10.0
0,25,8.302933692932129,-3.5717103481292725,0.16503535211086273,-0.16868212819099426,0.0,31.461193084716797,4.375028133392334,0.0,14.531174659729004,2.532565116882324,0.0,-3.5,10.0
0,30,8.302933692932129,-3.516120195388794,0.07742208987474442,-0.15810464322566986,0.0,27.30972671508789,4.3194379806518555,0.0,10.379707336425781,2.476975202560425,0.0,-3.5,10.0
0,35,8.302933692932129,-3.496149778366089,0.020984448492527008,-0.08249348402023315,0.0,23.158260345458984,4.29946756362915,0.0,6.228240489959717,2.4570045471191406,0.0,-3.5,10.0
0,40,8.302933692932129,-3.4937331676483154,-0.0017600773135200143,-0.02603418566286564,0.0,19.006792068481445,4.297050952911377,0.0,2.0767738819122314,2.4545881748199463,0.0,-3.5,10.0
0,45,8.302933692932129,-3.4963972568511963,-0.005937774665653706,-0.0006591932033188641,0.0,14.855325698852539,4.299715042114258,0.0,-2.074692964553833,2.457252025604248,0.0,-3.5,10.0
0,50,8.302933692932129,-3.4988605976104736,-0.0038875292520970106,0.005389869213104248,0.0,10.703859329223633,4.302178382873535,0.0,-6.226160049438477,2.4597156047821045,0.0,-3.5,10.0
0,55,8.302933692932129,-3.4850518703460693,0.21117891371250153,1.5022737979888916,0.0,6.552392482757568,4.288369655609131,0.0,-10.377626419067383,2.4459068775177,0.0,0.0,10.0
0,60,8.302933692932129,-2.9452672004699707,1.6498626470565796,2.5110955238342285,0.0,2.400925636291504,3.7485849857330322,0.0,-14.529093742370605,1.9061222076416016,0.0,0.0,10.0
0,65,8.302933692932129,-1.907585620880127,2.153904914855957,-0.005094695836305618,0.0,-1.7505412101745605,2.7109034061431885,0.0,-18.680561065673828,0.8684405088424683,0.0,0.0,10.0
0,70,8.302933692932129,-0.9534505009651184,1.6478924751281738,-1.4088358879089355,0.0,-5.902008056640625,1.7567682266235352,0.0,-22.832027435302734,-0.08569460362195969,0.0,0.0,10.0
0,75,8.302933692932129,-0.3556939959526062,0.9033254384994507,-1.3956481218338013,0.0,-10.053475379943848,1.159011721611023,0.0,-26.98349380493164,-0.6834511160850525,0.0,0.0,10.0
0,80,8.302933692932129,-0.07971135526895523,0.3616415858268738,-0.855783224105835,0.0,-14.204941749572754,0.8830291032791138,0.0,-31.134960174560547,-0.9594337344169617,0.0,0.0,10.0
0,85,8.302933692932129,0.008191689848899841,0.0884954184293747,-0.37110623717308044,0.0,-18.356409072875977,0.7951260805130005,0.0,-35.28642654418945,-1.0473368167877197,0.0,0.0,10.0
0,90,8.302933692932129,0.018187319859862328,-0.006185164675116539,-0.10071004927158356,0.0,-22.507875442504883,0.7851304411888123,0.0,-39.43789291381836,-1.0573323965072632,0.0,0.0,10.0
0,95,8.302933692932129,0.008825534954667091,-0.020096370950341225,0.0018491718219593167,0.0,-26.65934181213379,0.794492244720459,0.0,-43.58936309814453,-1.0479706525802612,0.0,0.0,10.0
1,0,9.033860206604004,0.0,0.0,0.0,0.0,50.65508270263672,1.3489274978637695,0.0,33.92695236206055,0.44441261887550354,0.0,-3.5,10.0
1,5,9.033860206604004,-3.0727202892303467,-2.040996789932251,2.8912341594696045,0.0,37.10447311401367,4.421648025512695,0.0,20.3763427734375,3.5171329975128174,0.0,-3.5,10.0
1,10,9.033860206604004,-3.6653659343719482,-0.6828095316886902,2.2851998805999756,0.0,32.58754348754883,5.014293670654297,0.0,15.85941219329834,4.10977840423584,0.0,-3.5,10.0
1,15,9.033860206604004,-3.7592647075653076,0.035777706652879715,0.9174190759658813,0.0,28.070613861083984,5.108191967010498,0.0,11.34248161315918,4.203677177429199,0.0,-3.5,10.0
1,20,9.033860206604004,-3.669538736343384,0.2160082310438156,0.09427600353956223,0.0,23.55368423461914,5.018465995788574,0.0,6.825551509857178,4.113951206207275,0.0,-3.5,10.0
1,25,9.033860206604004,-3.5717098712921143,0.165035218000412,-0.16868333518505096,0.0,19.036754608154297,4.920637607574463,0.0,2.308621644973755,4.016122341156006,0.0,-3.5,10.0
1,30,9.033860206604004,-3.516119956970215,0.07742177695035934,-0.15810462832450867,0.0,14.519824028015137,4.865047454833984,0.0,-2.208308458328247,3.9605326652526855,0.0,-3.5,10.0
1,35,9.033860206604004,-3.4961495399475098,0.02098425105214119,-0.08249320089817047,0.0,10.002893447875977,4.845077037811279,0.0,-6.725238800048828,3.9405622482299805,0.0,0.0,10.0
1,40,9.033860206604004,-3.1025607585906982,1.401342749595642,2.779583692550659,0.0,5.485963821411133,4.451488494873047,0.0,-11.242168426513672,3.546973466873169,0.0,0.0,10.0
1,45,9.033860206604004,-2.1156904697418213,2.154236316680908,0.4634447693824768,0.0,0.9690335392951965,3.464617967605591,0.0,-15.759099006652832,2.560103178024292,0.0,0.0,10.0
1,50,9.033860206604004,-1.112574577331543,1.7843574285507202,-1.268945574760437,0.0,-3.54789662361145,2.4615020751953125,0.0,-20.276029586791992,1.5569872856140137,0.0,0.0,10.0
1,55,9.033860206604004,-0.44265425205230713,1.038076400756836,-1.4638783931732178,0.0,-8.064826965332031,1.7915817499160767,0.0,-24.792959213256836,0.8870668411254883,0.0,0.0,10.0
1,60,9.033860206604004,-0.11433190852403641,0.4440089464187622,-0.9662033915519714,0.0,-12.581756591796875,1.4632593393325806,0.0,-29.30988883972168,0.5587445497512817,0.0,0.0,10.0
1,65,9.033860206604004,-0.00014950043987482786,0.12406660616397858,-0.44871649146080017,0.0,-17.09868621826172,1.3490769863128662,0.0,-33.826820373535156,0.4445621371269226,0.0,0.0,10.0
1,70,9.033860206604004,0.018884165212512016,0.0033780208323150873,-0.13735520839691162,0.0,-21.615617752075195,1.3300433158874512,0.0,-38.34375,0.42552846670150757,0.0,0.0,10.0
1,75,9.033860206604004,0.010799827054142952,-0.020345237106084824,-0.009175180457532406,0.0,-26.13254737854004,1.338127613067627,0.0,-42.860679626464844,0.43361279368400574,0.0,0.0,10.0
1,80,9.033860206604004,0.002197457244619727,-0.013322626240551472,0.02042900212109089,0.0,-30.649477005004883,1.3467299938201904,0.0,-47.37760925292969,0.4422151744365692,0.0,0.0,10.0
1,85,9.033860206604004,-0.0015109771629795432,-0.0040213982574641705,0.015298132784664631,0.0,-35.16640853881836,1.3504384756088257,0.0,-51.89453887939453,0.4459235966205597,0.0,0.0,10.0
1,90,9.033860206604004,-0.0019060812192037702,0.0006240798975341022,0.005709631834179163,0.0,-39.6833381652832,1.350833535194397,0.0,-56.411468505859375,0.44631871581077576,0.0,0.0,10.0
1,95,9.033860206604004,-0.0011774352751672268,0.0016241250559687614,0.0002690725668799132,0.0,-44.20026779174805,1.3501049280166626,0.0,-60.92839813232422,0.4455900490283966,0.0,0.0,10.0
2,0,6.214105129241943,0.0,0.0,0.0,0.0,45.87066650390625,0.9266331791877747,0.0,59.20885467529297,0.822739839553833,0.0,-3.5,10.0
2,5,6.214105129241943,-3.0726723670959473,-2.041058301925659,2.89121675491333,0.0,36.54977035522461,3.999305486679077,0.0,49.88795852661133,3.8954122066497803,0.0,-3.5,10.0
2,10,6.214105129241943,-3.6653459072113037,-0.6828569173812866,2.285247325897217,0.0,33.442718505859375,4.591979026794434,0.0,46.780906677246094,4.488085746765137,0.0,-3.5,10.0
2,15,6.214105129241943,-3.759260654449463,0.03575560450553894,0.9174650311470032,0.0,30.33566665649414,4.685894012451172,0.0,43.67385482788086,4.582000255584717,0.0,-3.5,10.0
2,20,6.214105129241943,-3.6695401668548584,0.21600252389907837,0.09429990500211716,0.0,27.228612899780273,4.596173286437988,0.0,40.566802978515625,4.492280006408691,0.0,-3.5,10.0
2,25,6.214105129241943,-3.571712017059326,0.16503602266311646,-0.16867601871490479,0.0,24.12156105041504,4.498344898223877,0.0,37.45975112915039,4.39445161819458,0.0,-3.5,10.0
2,30,6.214105129241943,-3.5161211490631104,0.07742367684841156,-0.15810468792915344,0.0,21.014507293701172,4.44275426864624,0.0,34.35269546508789,4.338860988616943,0.0,-3.5,10.0
2,35,6.214105129241943,-3.496150016784668,0.020985456183552742,-0.08249492198228836,0.0,17.907455444335938,4.422783374786377,0.0,31.24564552307129,4.318889617919922,0.0,-3.5,10.0
2,40,6.214105129241943,-3.4937331676483154,-0.001759706879965961,-0.026035238057374954,0.0,14.800402641296387,4.420366287231445,0.0,28.138591766357422,4.316473007202148,0.0,-3.5,10.0
2,45,6.214105129241943,-3.496397018432617,-0.00593773927539587,-0.0006596341845579445,0.0,11.693350791931152,4.423030376434326,0.0,25.031539916992188,4.319137096405029,0.0,-3.5,10.0
2,50,6.214105129241943,-3.4988605976104736,-0.003887592116370797,0.00538979098200798,0.0,8.586297988891602,4.4254937171936035,0.0,21.92448616027832,4.321600437164307,0.0,-3.5,10.0
2,55,6.214105129241943,-3.5000319480895996,-0.0014461474493145943,0.004079388454556465,0.0,5.479245662689209,4.426665306091309,0.0,18.817434310913086,4.3227715492248535,0.0,-3.5,10.0
2,60,6.214105129241943,-3.50030779838562,-0.00013702893920708448,0.0017322511412203312,0.0,2.372192859649658,4.42694091796875,0.0,15.710381507873535,4.323047637939453,0.0,-3.5,10.0
2,65,6.214105129241943,-3.5002291202545166,0.0002510497870389372,0.00031137841870076954,0.0,-0.7348595857620239,4.4268622398376465,0.0,12.6033296585083,4.32296895980835,0.0,-3.5,10.0
2,70,6.214105129241943,-3.500101327896118,0.00022545791580341756,-0.00018589534738566726,0.0,-3.841912031173706,4.426734447479248,0.0,9.49627685546875,4.322841167449951,0.0,-3.5,10.0
2,75,6.214105129241943,-3.5000226497650146,0.0001115785344154574,-0.0002169924700865522,0.0,-6.948964595794678,4.4266557693481445,0.0,6.389224052429199,4.322762489318848,0.0,-3.5,10.0
2,80,6.214105129241943,-3.3605446815490723,0.8078770041465759,2.6249773502349854,0.0,-10.05601692199707,4.287178039550781,0.0,3.2821717262268066,4.183284282684326,0.0,0.0,10.0
2,85,6.214105129241943,-2.5544095039367676,2.0128402709960938,1.5487593412399292,0.0,-13.163069725036621,3.4810428619384766,0.0,0.17511919140815735,3.3771493434906006,0.0,0.0,10.0
2,90,6.214105129241943,-1.4908146858215332,2.0276176929473877,-0.7797559499740601,0.0,-16.270122528076172,2.417447805404663,0.0,-2.9319334030151367,2.313554525375366,0.0,0.0,10.0
2,95,6.214105129241943,-0.6686888933181763,1.3428720235824585,-1.5240819454193115,0.0,-19.377174377441406,1.5953221321105957,0.0,-6.038985729217529,1.4914287328720093,0.0,0.0,10.0
3,0,7.024021625518799,0.0,0.0,0.0,0.0,27.24704360961914,0.5651887059211731,0.0,52.1214599609375,0.3769493103027344,0.0,-3.5,10.0
3,5,7.024021625518799,-3.0726921558380127,-2.0410327911376953,2.891223907470703,0.0,16.711244583129883,3.637880802154541,0.0,41.58565902709961,3.449641466140747,0.0,-3.5,10.0
3,10,7.024021625518799,-3.6653542518615723,-0.6828373670578003,2.2852277755737305,0.0,13.199233055114746,4.2305426597595215,0.0,38.07365036010742,4.042303562164307,0.0,-3.5,10.0
3,15,7.024021625518799,-3.7592623233795166,0.03576472029089928,0.9174460768699646,0.0,9.68722152709961,4.324450969696045,0.0,34.56163787841797,4.136211395263672,0.0,-3.5,10.0
3,20,7.024021625518799,-3.669539451599121,0.216004878282547,0.09429004788398743,0.0,6.175210952758789,4.2347283363342285,0.0,31.04962730407715,4.0464887619018555,0.0,-3.5,10.0
3,25,7.024021625518799,-3.5717110633850098,0.1650356948375702,-0.16867902874946594,0.0,2.6632001399993896,4.136899948120117,0.0,27.537616729736328,3.948660373687744,0.0,-3.5,10.0
3,30,7.024021625518799,-3.516120672225952,0.07742289453744888,-0.15810465812683105,0.0,-0.8488107323646545,4.0813093185424805,0.0,24.025606155395508,3.8930699825286865,0.0,-3.5,10.0
3,35,7.024021625518799,-3.496149778366089,0.020984958857297897,-0.08249421417713165,0.0,-4.360821723937988,4.061338424682617,0.0,20.513595581054688,3.8730990886688232,0.0,-3.5,10.0
3,40,7.024021625518799,-3.4937331676483154,-0.001759889884851873,-0.02603471837937832,0.0,-7.872832298278809,4.058921813964844,0.0,17.001585006713867,3.87068247795105,0.0,-3.5,10.0
3,45,7.024021625518799,-3.4963972568511963,-0.005937756970524788,-0.0006594163714908063,0.0,-11.384843826293945,4.061585903167725,0.0,13.48957347869873,3.8733465671539307,0.0,-3.5,10.0
3,50,7.024021625518799,-3.4988605976104736,-0.003887561149895191,0.005389829631894827,0.0,-14.896854400634766,4.064049243927002,0.0,9.97756290435791,3.875809907913208,0.0,-3.5,10.0
3,55,7.024021625518799,-3.5000319480895996,-0.0014461197424679995,0.0040793651714921,0.0,-18.408864974975586,4.065220832824707,0.0,6.465551376342773,3.876981258392334,0.0,-3.5,10.0
3,60,7.024021625518799,-3.360884428024292,0.8075563907623291,2.6253857612609863,0.0,-21.920875549316406,3.9260730743408203,0.0,2.953540802001953,3.7378337383270264,0.0,0.0,10.0
3,65,7.024021625518799,-2.5548136234283447,2.012857437133789,1.549473524093628,0.0,-25.432886123657227,3.120002269744873,0.0,-0.5584701299667358,2.931762933731079,0.0,0.0,10.0
3,70,7.024021625518799,-1.491127848625183,2.027869701385498,-0.7794907689094543,0.0,-28.94489860534668,2.056316614151001,0.0,-4.070480823516846,1.8680771589279175,0.0,0.0,10.0
3,75,7.024021625518799,-0.6688660979270935,1.3431299924850464,-1.5241917371749878,0.0,-32.4569091796875,1.2340548038482666,0.0,-7.582491874694824,1.0458154678344727,0.0,0.0,10.0
3,80,7.024021625518799,-0.21374759078025818,0.6524420380592346,-1.19886314868927,0.0,-35.96891784667969,0.7789363265037537,0.0,-11.094502449035645,0.5906969308853149,0.0,0.0,10.0
3,85,7.024021625518799,-0.029273901134729385,0.2237854152917862,-0.6389318704605103,0.0,-39.48093032836914,0.5944626331329346,0.0,-14.606513977050781,0.40622320771217346,0.0,0.0,10.0
3,90,7.024021625518799,0.01717258244752884,0.03535644710063934,-0.23748822510242462,0.0,-42.992942810058594,0.5480161309242249,0.0,-18.1185245513916,0.35977673530578613,0.0,0.0,10.0
3,95,7.024021625518799,0.014980170875787735,-0.0172309298068285,-0.044489938765764236,0.0,-46.50495147705078,0.550208568572998,0.0,-21.630535125732422,0.36196914315223694,0.0,0.0,10.0
4,0,10.825913429260254,0.0,0.0,0.0,0.0,50.27528381347656,-0.8613733053207397,0.0,30.70547866821289,-0.16624118387699127,0.0,-3.5,10.0
4,5,10.825913429260254,-3.0727334022521973,-2.0409798622131348,2.8912389278411865,0.0,34.03656768798828,2.211360216140747,0.0,14.466760635375977,2.906492233276367,0.0,-3.5,10.0
4,10,10.825913429260254,-3.6653714179992676,-0.6827965974807739,2.285187005996704,0.0,28.623611450195312,2.8039982318878174,0.0,9.053804397583008,3.4991302490234375,0.0,-3.5,10.0
4,15,10.825913429260254,-3.759265899658203,0.035783737897872925,0.9174065589904785,0.0,23.21065330505371,2.897892475128174,0.0,3.640847682952881,3.593024730682373,0.0,-3.5,10.0
4,20,10.825913429260254,-3.6695382595062256,0.21600978076457977,0.09426948428153992,0.0,17.797697067260742,2.8081650733947754,0.0,-1.772108793258667,3.5032970905303955,0.0,-3.5,10.0
4,25,10.825913429260254,-3.571709394454956,0.16503499448299408,-0.16868533194065094,0.0,12.384740829467773,2.7103359699249268,0.0,-7.185065269470215,3.405468225479126,0.0,-3.5,10.0
4,30,10.825913429260254,-3.5161197185516357,0.07742126286029816,-0.15810461342334747,0.0,6.971784591674805,2.6547465324401855,0.0,-12.598021507263184,3.3498785495758057,0.0,-3.5,10.0
4,35,10.825913429260254,-3.3555948734283447,0.8354892730712891,2.6089234352111816,0.0,1.5588281154632568,2.4942216873168945,0.0,-18.01097869873047,3.1893537044525146,0.0,0.0,10.0
4,40,10.825913429260254,-2.5406529903411865,2.0221266746520996,1.506645679473877,0.0,-3.854128360748291,1.6792795658111572,0.0,-23.423934936523438,2.3744115829467773,0.0,0.0,10.0
4,45,10.825913429260254,-1.4777330160140991,2.021043539047241,-0.8013100624084473,0.0,-9.267085075378418,0.6163597106933594,0.0,-28.836891174316406,1.3114917278289795,0.0,0.0,10.0
4,50,10.825913429260254,-0.660487711429596,1.3325763940811157,-1.5242162942886353,0.0,-14.680041313171387,-0.2008855789899826,0.0,-34.249847412109375,0.4942465126514435,0.0,0.0,10.0
4,55,10.825913429260254,-0.20992927253246307,0.6447845697402954,-1.1911100149154663,0.0,-20.092998504638672,-0.6514440178871155,0.0,-39.662803649902344,0.0436880886554718,0.0,0.0,10.0
4,60,10.825913429260254,-0.02809816412627697,0.2199721336364746,-0.6320183873176575,0.0,-25.50595474243164,-0.8332751393318176,0.0,-45.07575988769531,-0.13814301788806915,0.0,0.0,10.0
4,65,10.825913429260254,0.017274340614676476,0.03407140076160431,-0.23368139564990997,0.0,-30.91891098022461,-0.8786476254463196,0.0,-50.48871612548828,-0.1835155338048935,0.0,0.0,10.0
4,70,10.825913429260254,0.014830219559371471,-0.017391614615917206,-0.04308044910430908,0.0,-36.33186721801758,-0.8762034773826599,0.0,-55.90167236328125,-0.18107140064239502,0.0,0.0,10.0
4,75,10.825913429260254,0.005020418204367161,-0.01726510562002659,0.015688477084040642,0.0,-41.74482345581055,-0.8663936853408813,0.0,-61.31462860107422,-0.17126160860061646,0.0,0.0,10.0
4,80,10.825913429260254,-0.0005929555627517402,-0.0072101098485291,0.0188809372484684,0.0,-47.157779693603516,-0.8607802987098694,0.0,-66.72758483886719,-0.16564823687076569,0.0,0.0,10.0
4,85,10.825913429260254,-0.0019891171250492334,-0.0006366737652570009,0.009144222363829613,0.0,-52.570735931396484,-0.8593841791152954,0.0,-72.14054107666016,-0.16425207257270813,0.0,0.0,10.0
4,90,10.825913429260254,-0.0015003937296569347,0.001516795251518488,0.0018382191192358732,0.0,-57.98369216918945,-0.8598728775978088,0.0,-77.55349731445312,-0.16474078595638275,0.0,0.0,10.0
4,95,10.825913429260254,-0.0007165363640524447,0.0014085974544286728,-0.0010177644435316324,0.0,-63.39664840698242,-0.86065673828125,0.0,-82.9664535522461,-0.1655246466398239,0.0,0.0,10.0
5,0,7.409862518310547,0.0,0.0,0.0,0.0,61.51494216918945,-0.03444930538535118,0.0,47.46379089355469,-1.3124074935913086,0.0,-3.5,10.0
5,5,7.409862518310547,-3.0726993083953857,-2.0410237312316895,2.8912265300750732,0.0,50.40037155151367,3.038249969482422,0.0,36.34921646118164,1.7602919340133667,0.0,-3.5,10.0
5,10,7.409862518310547,-3.6653571128845215,-0.682830274105072,2.2852206230163574,0.0,46.695438385009766,3.6309077739715576,0.0,32.644287109375,2.352949619293213,0.0,-3.5,10.0
5,15,7.409862518310547,-3.759262800216675,0.0357680507004261,0.9174391627311707,0.0,42.990509033203125,3.72481369972229,0.0,28.939355850219727,2.4468555450439453,0.0,-3.5,10.0
5,20,7.409862518310547,-3.669539213180542,0.21600574254989624,0.09428644925355911,0.0,39.28557586669922,3.6350901126861572,0.0,25.234424591064453,2.3571317195892334,0.0,-3.5,10.0
5,25,7.409862518310547,-3.5717108249664307,0.16503557562828064,-0.16868014633655548,0.0,35.58064651489258,3.537261486053467,0.0,21.52949333190918,2.259303331375122,0.0,-3.5,10.0
5,30,7.409862518310547,-3.516120672225952,0.0774226114153862,-0.15810465812683105,0.0,31.875715255737305,3.4816713333129883,0.0,17.824562072753906,2.2037131786346436,0.0,-3.5,10.0
5,35,7.409862518310547,-3.496149778366089,0.020984776318073273,-0.08249395340681076,0.0,28.17078399658203,3.461700439453125,0.0,14.119630813598633,2.1837422847747803,0.0,-3.5,10.0
5,40,7.409862518310547,-3.4937331676483154,-0.0017599567072466016,-0.026034528389573097,0.0,24.465852737426758,3.4592838287353516,0.0,10.414698600769043,2.181325674057007,0.0,-3.5,10.0
5,45,7.409862518310547,-3.4963972568511963,-0.00593776348978281,-0.0006593367434106767,0.0,20.760921478271484,3.4619479179382324,0.0,6.709767818450928,2.1839897632598877,0.0,-3.5,10.0
5,50,7.409862518310547,-3.4988605976104736,-0.003887549741193652,0.005389843601733446,0.0,17.05599021911621,3.4644112586975098,0.0,3.0048365592956543,2.186453104019165,0.0,-3.5,10.0
5,55,7.409862518310547,-3.5000319480895996,-0.0014461096143350005,0.004079356789588928,0.0,13.351058006286621,3.4655826091766357,0.0,-0.7000948190689087,2.187624454498291,0.0,-3.5,10.0
5,60,7.409862518310547,-3.50030779838562,-0.00013701034185942262,0.0017322143539786339,0.0,9.646126747131348,3.4658584594726562,0.0,-4.405025959014893,2.1879003047943115,0.0,-3.5,10.0
5,65,7.409862518310547,-3.5002291202545166,0.0002510548220016062,0.00031135824974626303,0.0,5.941195487976074,3.4657797813415527,0.0,-8.109957695007324,2.187821626663208,0.0,-3.5,10.0
5,70,7.409862518310547,-3.360651969909668,0.8080750107765198,2.6250033378601074,0.0,2.236264228820801,3.326202630996704,0.0,-11.814888954162598,2.0482444763183594,0.0,0.0,10.0
5,75,7.409862518310547,-2.5544333457946777,2.012972593307495,1.5485687255859375,0.0,-1.4686671495437622,2.519984006881714,0.0,-15.519820213317871,1.2420257329940796,0.0,0.0,10.0
5,80,7.409862518310547,-1.4908006191253662,2.0276596546173096,-0.7799072861671448,0.0,-5.173598289489746,1.456351399421692,0.0,-19.224750518798828,0.1783931851387024,0.0,0.0,10.0
5,85,7.409862518310547,-0.6686701774597168,1.3428670167922974,-1.5241405963897705,0.0,-8.87852954864502,0.6342208385467529,0.0,-22.9296817779541,-0.6437373161315918,0.0,0.0,10.0
5,90,7.409862518310547,-0.2136610895395279,0.6522619128227234,-1.198663353919983,0.0,-12.583460807800293,0.1792117804288864,0.0,-26.634613037109375,-1.098746418952942,0.0,0.0,10.0
5,95,7.409862518310547,-0.029248297214508057,0.22369883954524994,-0.6387678384780884,0.0,-16.288393020629883,-0.0052010067738592625,0.0,-30.33954429626465,-1.2831591367721558,0.0,0.0,10.0
6,0,10.40878677368164,0.0,0.0,0.0,0.0,46.149261474609375,0.2086060494184494,0.0,64.00247955322266,0.5243034958839417,0.0,-3.5,10.0
6,5,10.40878677368164,-3.0727310180664062,-2.040983200073242,2.891238212585449,0.0,30.536237716674805,3.281337022781372,0.0,48.38945770263672,3.597034454345703,0.0,-3.5,10.0
6,10,10.40878677368164,-3.665370464324951,-0.6827990412712097,2.285189390182495,0.0,25.331846237182617,3.873976469039917,0.0,43.18506622314453,4.189673900604248,0.0,-3.5,10.0
6,15,10.40878677368164,-3.759265661239624,0.03578260540962219,0.9174088835716248,0.0,20.127452850341797,3.96787166595459,0.0,37.98067092895508,4.2835693359375,0.0,-3.5,10.0
6,20,10.40878677368164,-3.6695382595062256,0.2160094976425171,0.09427070617675781,0.0,14.92305850982666,3.8781445026397705,0.0,32.77627944946289,4.193841934204102,0.0,-3.5,10.0
6,25,10.40878677368164,-3.571709394454956,0.16503503918647766,-0.1686849594116211,0.0,9.71866512298584,3.780315637588501,0.0,27.571884155273438,4.096013069152832,0.0,-3.5,10.0
6,30,10.40878677368164,-3.5161197185516357,0.07742135971784592,-0.15810462832450867,0.0,4.514272212982178,3.7247259616851807,0.0,22.367490768432617,4.040423393249512,0.0,-3.5,10.0
6,35,10.40878677368164,-3.4961495399475098,0.0209839828312397,-0.08249281346797943,0.0,-0.6901211142539978,3.7047555446624756,0.0,17.163097381591797,4.020452976226807,0.0,-3.5,10.0
6,40,10.40878677368164,-3.4937331676483154,-0.0017602489097043872,-0.02603369764983654,0.0,-5.894514560699463,3.7023391723632812,0.0,11.958704948425293,4.018036842346191,0.0,-3.5,10.0
6,45,10.40878677368164,-3.4354166984558105,0.49362656474113464,2.2480790615081787,0.0,-11.098907470703125,3.6440227031707764,0.0,6.754311561584473,3.9597201347351074,0.0,0.0,10.0
6,50,10.40878677368164,-2.75651478767395,1.8540544509887695,2.0748980045318604,0.0,-16.303300857543945,2.965120792388916,0.0,1.5499184131622314,3.280818223953247,0.0,0.0,10.0
6,55,10.40878677368164,-1.6951770782470703,2.106677293777466,-0.42298808693885803,0.0,-21.507694244384766,1.9037832021713257,0.0,-3.654474973678589,2.2194807529449463,0.0,0.0,10.0
6,60,10.40878677368164,-0.8037331700325012,1.4966908693313599,-1.4899979829788208,0.0,-26.712087631225586,1.0123392343521118,0.0,-8.858868598937988,1.3280366659164429,0.0,0.0,10.0
6,65,10.40878677368164,-0.2789846360683441,0.7728066444396973,-1.3033498525619507,0.0,-31.916481018066406,0.4875907003879547,0.0,-14.063261032104492,0.8032881617546082,0.0,0.0,10.0
6,70,10.40878677368164,-0.05146386846899986,0.28769344091415405,-0.7445796728134155,0.0,-37.120872497558594,0.26006993651390076,0.0,-19.267654418945312,0.5757673978805542,0.0,0.0,10.0
6,75,10.40878677368164,0.013798490166664124,0.05897224694490433,-0.3000202476978302,0.0,-42.32526779174805,0.19480755925178528,0.0,-24.472047805786133,0.5105050206184387,0.0,0.0,10.0
6,80,10.40878677368164,0.0167889054864645,-0.012898171320557594,-0.06973563879728317,0.0,-47.529659271240234,0.19181714951992035,0.0,-29.676441192626953,0.5075145959854126,0.0,0.0,10.0
6,85,10.40878677368164,0.006905519403517246,-0.019013309851288795,0.009917872957885265,0.0,-52.73405456542969,0.20170053839683533,0.0,-34.880836486816406,0.5173979997634888,0.0,0.0,10.0
6,90,10.40878677368164,0.00018559863383416086,-0.009257864207029343,0.020240776240825653,0.0,-57.938446044921875,0.20842045545578003,0.0,-40.085227966308594,0.5241179466247559,0.0,0.0,10.0
6,95,10.40878677368164,-0.0019238162785768509,-0.0016204514540731907,0.011267967522144318,0.0,-63.14284133911133,0.2105298638343811,0.0,-45.28961944580078,0.5262273550033569,0.0,0.0,10.0
7,0,6.005126953125,0.0,0.0,0.0,0.0,49.997737884521484,-1.0933806896209717,0.0,25.919261932373047,-0.6134657263755798,0.0,-3.5,10.0
7,5,6.005126953125,-3.0726659297943115,-2.0410666465759277,2.891214370727539,0.0,40.990318298339844,1.9792852401733398,0.0,16.91184425354004,2.459200143814087,0.0,-3.5,10.0
7,10,6.005126953125,-3.6653432846069336,-0.6828632950782776,2.2852537631988525,0.0,37.987754821777344,2.571962594985962,0.0,13.909280776977539,3.051877498626709,0.0,-3.5,10.0
7,15,6.005126953125,-3.7592599391937256,0.035752635449171066,0.917471170425415,0.0,34.985191345214844,2.665879249572754,0.0,10.906717300415039,3.14579439163208,0.0,-3.5,10.0
7,20,6.005126953125,-3.6695404052734375,0.21600176393985748,0.09430311620235443,0.0,31.982627868652344,2.576159715652466,0.0,7.904153823852539,3.056074619293213,0.0,-3.5,10.0
7,25,6.005126953125,-3.5717122554779053,0.165036141872406,-0.168675035238266,0.0,28.980064392089844,2.4783315658569336,0.0,4.901590347290039,2.9582464694976807,0.0,-3.5,10.0
7,30,6.005126953125,-3.5161213874816895,0.07742393761873245,-0.15810468792915344,0.0,25.977500915527344,2.4227406978607178,0.0,1.899026870727539,2.902655601501465,0.0,-3.5,10.0
7,35,6.005126953125,-3.496150016784668,0.020985618233680725,-0.08249515295028687,0.0,22.974937438964844,2.4027693271636963,0.0,-1.103536605834961,2.8826842308044434,0.0,-3.5,10.0
7,40,6.005126953125,-3.4937331676483154,-0.0017596472753211856,-0.026035407558083534,0.0,19.972373962402344,2.4003524780273438,0.0,-4.106100082397461,2.880267381668091,0.0,-3.5,10.0
7,45,6.005126953125,-3.496397018432617,-0.0059377336874604225,-0.000659705197904259,0.0,16.969810485839844,2.4030163288116455,0.0,-7.108663558959961,2.8829312324523926,0.0,-3.5,10.0
7,50,6.005126953125,-3.4988605976104736,-0.003887602360919118,0.005389778409153223,0.0,13.967246055603027,2.405479907989502,0.0,-10.111227035522461,2.885394811630249,0.0,-3.5,10.0
7,55,6.005126953125,-3.5000319480895996,-0.0014461565297096968,0.004079395905137062,0.0,10.964682579040527,2.406651258468628,0.0,-13.113790512084961,2.886566162109375,0.0,-3.5,10.0
7,60,6.005126953125,-3.50030779838562,-0.00013703337754122913,0.0017322598723694682,0.0,7.9621195793151855,2.4069271087646484,0.0,-16.11635398864746,2.8868420124053955,0.0,-3.5,10.0
7,65,6.005126953125,-3.5002291202545166,0.0002510485937818885,0.0003113832208327949,0.0,4.9595561027526855,2.406848430633545,0.0,-19.11891746520996,2.886763334274292,0.0,-3.5,10.0
7,70,6.005126953125,-3.500101327896118,0.00022545806132256985,-0.00018589380488265306,0.0,1.9569923877716064,2.4067206382751465,0.0,-22.12148094177246,2.8866355419158936,0.0,-3.5,10.0
7,75,6.005126953125,-3.3605728149414062,0.8079648017883301,2.6249711513519287,0.0,-1.045571208000183,2.2671921253204346,0.0,-25.12404441833496,2.7471070289611816,0.0,0.0,10.0
7,80,6.005126953125,-2.554403305053711,2.012890100479126,1.5486594438552856,0.0,-4.048134803771973,1.4610226154327393,0.0,-28.12660789489746,1.9409375190734863,0.0,0.0,10.0
7,85,6.005126953125,-1.490797519683838,2.0276241302490234,-0.7798237800598145,0.0,-7.050698280334473,0.39741677045822144,0.0,-31.12917137145996,0.8773317337036133,0.0,0.0,10.0
7,90,6.005126953125,-0.6686750650405884,1.3428603410720825,-1.5241000652313232,0.0,-10.053261756896973,-0.4247056245803833,0.0,-34.131736755371094,0.05520929396152496,0.0,0.0,10.0
7,95,6.005126953125,-0.21366558969020844,0.6522654294967651,-1.1986531019210815,0.0,-13.055825233459473,-0.879715085029602,0.0,-37.134300231933594,-0.3998001515865326,0.0,0.0,10.0
8,0,9.527587890625,0.0,0.0,0.0,0.0,37.8288688659668,-0.8564465045928955,0.0,57.21738052368164,0.28506025671958923,0.0,-3.5,10.0
8,5,9.527587890625,-3.0727245807647705,-2.0409910678863525,2.891235828399658,0.0,23.537660598754883,2.216278076171875,0.0,42.926170349121094,3.3577849864959717,0.0,-3.5,10.0
8,10,9.527587890625,-3.665367841720581,-0.6828052401542664,2.2851955890655518,0.0,18.773866653442383,2.8089213371276855,0.0,38.162376403808594,3.950428009033203,0.0,-3.5,10.0
8,15,9.527587890625,-3.759265184402466,0.03577971085906029,0.9174149036407471,0.0,14.010072708129883,2.9028186798095703,0.0,33.398582458496094,4.044325351715088,0.0,-3.5,10.0
8,20,9.527587890625,-3.6695384979248047,0.2160087525844574,0.09427383542060852,0.0,9.246278762817383,2.813091993331909,0.0,28.634790420532227,3.9545986652374268,0.0,-3.5,10.0
8,25,9.527587890625,-3.571709632873535,0.16503514349460602,-0.1686840057373047,0.0,4.482484817504883,2.7152631282806396,0.0,23.870996475219727,3.8567700386047363,0.0,-3.5,10.0
8,30,9.527587890625,-3.516119956970215,0.07742160558700562,-0.15810462832450867,0.0,-0.2813088893890381,2.6596734523773193,0.0,19.107202529907227,3.801180124282837,0.0,-3.5,10.0
8,35,9.527587890625,-3.4961495399475098,0.020984141156077385,-0.08249304443597794,0.0,-5.045102596282959,2.6397030353546143,0.0,14.343408584594727,3.781209945678711,0.0,-3.5,10.0
8,40,9.527587890625,-3.4937331676483154,-0.0017601908184587955,-0.026033863425254822,0.0,-9.8088960647583,2.63728666305542,0.0,9.579614639282227,3.7787933349609375,0.0,-3.5,10.0
8,45,9.527587890625,-3.3569281101226807,0.8020087480545044,2.6234192848205566,0.0,-14.5726900100708,2.500481605529785,0.0,4.815820693969727,3.6419882774353027,0.0,0.0,10.0
8,50,9.527587890625,-2.5533528327941895,2.0086922645568848,1.554100513458252,0.0,-19.336484909057617,1.696906328201294,0.0,0.05202671140432358,2.8384130001068115,0.0,0.0,10.0
8,55,9.527587890625,-1.4910091161727905,2.026103973388672,-0.7752282023429871,0.0,-24.100278854370117,0.634562611579895,0.0,-4.711767196655273,1.7760694026947021,0.0,0.0,10.0
8,60,9.527587890625,-0.669139564037323,1.3428237438201904,-1.5221507549285889,0.0,-28.864072799682617,-0.1873069405555725,0.0,-9.475561141967773,0.9541997909545898,0.0,0.0,10.0
8,65,9.527587890625,-0.21398772299289703,0.6526440382003784,-1.1983674764633179,0.0,-33.627864837646484,-0.6424587965011597,0.0,-14.239355087280273,0.49904799461364746,0.0,0.0,10.0
8,70,9.527587890625,-0.029392102733254433,0.2240150421857834,-0.6390543580055237,0.0,-38.391658782958984,-0.8270543813705444,0.0,-19.003149032592773,0.3144523501396179,0.0,0.0,10.0
8,75,9.527587890625,0.017139621078968048,0.03548314422369003,-0.23770204186439514,0.0,-43.155452728271484,-0.873586118221283,0.0,-23.766942977905273,0.2679206430912018,0.0,0.0,10.0
8,80,9.527587890625,0.014982955530285835,-0.01718934066593647,-0.04462315887212753,0.0,-47.919246673583984,-0.871429443359375,0.0,-28.530736923217773,0.27007731795310974,0.0,0.0,10.0
8,85,9.527587890625,0.005144719500094652,-0.017405372112989426,0.015402622520923615,0.0,-52.683040618896484,-0.8615912199020386,0.0,-33.29452896118164,0.27991554141044617,0.0,0.0,10.0
8,90,9.527587890625,-0.000545233953744173,-0.0073453872464597225,0.018997922539711,0.0,-57.446834564208984,-0.8559012413024902,0.0,-38.05832290649414,0.2856054902076721,0.0,0.0,10.0
8,95,9.527587890625,-0.001986694522202015,-0.0006973979761824012,0.00928536057472229,0.0,-62.210628509521484,-0.854459822177887,0.0,-42.82211685180664,0.2870469391345978,0.0,0.0,10.0
9,0,8.277912139892578,0.0,0.0,0.0,0.0,25.69725227355957,-0.0594126358628273,0.0,58.57804489135742,0.10643062740564346,0.0,-3.5,10.0
9,5,8.277912139892578,-3.0727121829986572,-2.0410072803497314,2.8912312984466553,0.0,13.280582427978516,3.0132994651794434,0.0,46.161373138427734,3.179142713546753,0.0,-3.5,10.0
9,10,8.277912139892578,-3.665362596511841,-0.6828176975250244,2.285208225250244,0.0,9.141626358032227,3.605949878692627,0.0,42.02241897583008,3.7717931270599365,0.0,-3.5,10.0
9,15,8.277912139892578,-3.7592639923095703,0.03577391430735588,0.9174269437789917,0.0,5.002669811248779,3.6998512744903564,0.0,37.883460998535156,3.865694522857666,0.0,-3.5,10.0
9,20,8.277912139892578,-3.669538974761963,0.21600724756717682,0.09428010135889053,0.0,0.8637135028839111,3.610126256942749,0.0,33.7445068359375,3.7759695053100586,0.0,-3.5,10.0
9,25,8.277912139892578,-3.5717103481292725,0.16503535211086273,-0.16868208348751068,0.0,-3.275242805480957,3.5122976303100586,0.0,29.60555076599121,3.678140878677368,0.0,-3.5,10.0
9,30,8.277912139892578,-3.516120195388794,0.07742210477590561,-0.15810464322566986,0.0,-7.414198875427246,3.456707715988159,0.0,25.466594696044922,3.6225509643554688,0.0,-3.5,10.0
9,35,8.277912139892578,-3.496149778366089,0.020984457805752754,-0.08249349892139435,0.0,-11.553154945373535,3.436737060546875,0.0,21.32763671875,3.6025803089141846,0.0,-3.5,10.0
9,40,8.277912139892578,-3.4937331676483154,-0.0017600744031369686,-0.026034193113446236,0.0,-15.692111015319824,3.4343204498291016,0.0,17.18868064880371,3.600163698196411,0.0,-3.5,10.0
9,45,8.277912139892578,-3.4963972568511963,-0.005937774665653706,-0.0006591965793631971,0.0,-19.83106803894043,3.4369845390319824,0.0,13.049725532531738,3.602827787399292,0.0,-3.5,10.0
9,50,8.277912139892578,-3.4988605976104736,-0.003887529717758298,0.005389868281781673,0.0,-23.97002410888672,3.439448118209839,0.0,8.91076946258545,3.6052913665771484,0.0,-3.5,10.0
9,55,8.277912139892578,-3.4850518703460693,0.21117891371250153,1.5022737979888916,0.0,-28.108980178833008,3.4256393909454346,0.0,4.771812915802002,3.591482639312744,0.0,0.0,10.0
9,60,8.277912139892578,-2.9452672004699707,1.6498626470565796,2.5110955238342285,0.0,-32.2479362487793,2.885854721069336,0.0,0.6328566670417786,3.0516979694366455,0.0,0.0,10.0
9,65,8.277912139892578,-1.907585620880127,2.153904914855957,-0.005094695370644331,0.0,-36.38689041137695,1.8481730222702026,0.0,-3.5060994625091553,2.0140161514282227,0.0,0.0,10.0
9,70,8.277912139892578,-0.9534505009651184,1.6478924751281738,-1.4088358879089355,0.0,-40.525848388671875,0.8940378427505493,0.0,-7.645055770874023,1.0598810911178589,0.0,0.0,10.0
9,75,8.277912139892578,-0.3556939959526062,0.9033254384994507,-1.3956481218338013,0.0,-44.6648063659668,0.2962813675403595,0.0,-11.784011840820312,0.46212461590766907,0.0,0.0,10.0
9,80,8.277912139892578,-0.07971135526895523,0.3616415858268738,-0.855783224105835,0.0,-48.80376052856445,0.02029871754348278,0.0,-15.922967910766602,0.1861419826745987,0.0,0.0,10.0
9,85,8.277912139892578,0.008191689848899841,0.0884954184293747,-0.37110623717308044,0.0,-52.942718505859375,-0.06760432571172714,0.0,-20.06192398071289,0.09823893755674362,0.0,0.0,10.0
9,90,8.277912139892578,0.018187319859862328,-0.006185164675116539,-0.10071004927158356,0.0,-57.08167266845703,-0.07759995013475418,0.0,-24.20088005065918,0.08824330568313599,0.0,0.0,10.0
9,95,8.277912139892578,0.008825534954667091,-0.020096370950341225,0.0018491718219593167,0.0,-61.22063064575195,-0.06823816895484924,0.0,-28.33983612060547,0.09760509431362152,0.0,0.0,10.0
10,0,8.083097457885742,0.0,0.0,0.0,0.0,29.056386947631836,1.4960732460021973,0.0,45.886962890625,-0.7363665103912354,0.0,-3.5,10.0
10,5,8.083097457885742,-3.072709560394287,-2.041010618209839,2.891230344772339,0.0,16.931943893432617,4.568782806396484,0.0,33.76251983642578,2.3363430500030518,0.0,-3.5,10.0
10,10,8.083097457885742,-3.6653614044189453,-0.6828201413154602,2.285210609436035,0.0,12.890395164489746,5.161434650421143,0.0,29.720972061157227,2.92899489402771,0.0,-3.5,10.0
10,15,8.083097457885742,-3.759263753890991,0.035772763192653656,0.9174293875694275,0.0,8.848846435546875,5.255337238311768,0.0,25.67942237854004,3.022897243499756,0.0,-3.5,10.0
10,20,8.083097457885742,-3.669538974761963,0.21600694954395294,0.09428135305643082,0.0,4.807297706604004,5.16561222076416,0.0,21.637874603271484,2.9331724643707275,0.0,-3.5,10.0
10,25,8.083097457885742,-3.5717103481292725,0.1650353968143463,-0.16868169605731964,0.0,0.765748918056488,5.067783355712891,0.0,17.596324920654297,2.835343837738037,0.0,-3.5,10.0
10,30,8.083097457885742,-3.516120433807373,0.07742220163345337,-0.15810464322566986,0.0,-3.2757997512817383,5.01219367980957,0.0,13.554777145385742,2.7797539234161377,0.0,-3.5,10.0
10,35,8.083097457885742,-3.496149778366089,0.02098451927304268,-0.08249358832836151,0.0,-7.317348480224609,4.992222785949707,0.0,9.513228416442871,2.7597832679748535,0.0,-3.5,10.0
10,40,8.083097457885742,-3.4937331676483154,-0.001760051236487925,-0.026034260168671608,0.0,-11.35889720916748,4.989806175231934,0.0,5.471679210662842,2.75736665725708,0.0,-3.5,10.0
10,45,8.083097457885742,-3.4354166984558105,0.49362659454345703,2.2480790615081787,0.0,-15.400445938110352,4.931489944458008,0.0,1.4301307201385498,2.699050188064575,0.0,0.0,10.0
10,50,8.083097457885742,-2.75651478767395,1.8540544509887695,2.0748977661132812,0.0,-19.441993713378906,4.252587795257568,0.0,-2.6114180088043213,2.020148277282715,0.0,0.0,10.0
10,55,8.083097457885742,-1.6951770782470703,2.106677293777466,-0.4229881167411804,0.0,-23.483543395996094,3.1912503242492676,0.0,-6.652966499328613,0.9588106274604797,0.0,0.0,10.0
10,60,8.083097457885742,-0.8037331700325012,1.4966907501220703,-1.4899979829788208,0.0,-27.52509117126465,2.2998063564300537,0.0,-10.694515228271484,0.06736665219068527,0.0,0.0,10.0
10,65,8.083097457885742,-0.2789846360683441,0.7728066444396973,-1.3033498525619507,0.0,-31.566640853881836,1.7750579118728638,0.0,-14.736063957214355,-0.45738184452056885,0.0,0.0,10.0
10,70,8.083097457885742,-0.05146386846899986,0.28769344091415405,-0.7445796728134155,0.0,-35.60818862915039,1.547537088394165,0.0,-18.777612686157227,-0.6849026083946228,0.0,0.0,10.0
10,75,8.083097457885742,0.013798491097986698,0.05897224694490433,-0.3000202476978302,0.0,-39.64973831176758,1.4822747707366943,0.0,-22.819162368774414,-0.7501649856567383,0.0,0.0,10.0
10,80,8.083097457885742,0.0167889054864645,-0.012898171320557594,-0.06973563879728317,0.0,-43.691287994384766,1.4792842864990234,0.0,-26.86071014404297,-0.7531554102897644,0.0,0.0,10.0
10,85,8.083097457885742,0.006905519403517246,-0.019013309851288795,0.009917872957885265,0.0,-47.73283386230469,1.4891676902770996,0.0,-30.902259826660156,-0.7432720065116882,0.0,0.0,10.0
10,90,8.083097457885742,0.00018559857562649995,-0.009257864207029343,0.020240776240825653,0.0,-51.774383544921875,1.4958876371383667,0.0,-34.943809509277344,-0.7365521192550659,0.0,0.0,10.0
10,95,8.083097457885742,-0.0019238162785768509,-0.0016204514540731907,0.011267967522144318,0.0,-55.81593322753906,1.4979970455169678,0.0,-38.985355377197266,-0.7344426512718201,0.0,0.0,10.0
11,0,8.472968101501465,0.0,0.0,0.0,0.0,37.160369873046875,0.18381819128990173,0.0,50.20591354370117,-1.4110854864120483,0.0,-3.5,10.0
11,5,8.472968101501465,-3.072714328765869,-2.0410044193267822,2.8912320137023926,0.0,24.451112747192383,3.256532669067383,0.0,37.49665451049805,1.6616289615631104,0.0,-3.5,10.0
11,10,8.472968101501465,-3.6653635501861572,-0.6828153729438782,2.285205841064453,0.0,20.214628219604492,3.849181652069092,0.0,33.260169982910156,2.2542779445648193,0.0,-3.5,10.0
11,15,8.472968101501465,-3.7592642307281494,0.035774990916252136,0.917424738407135,0.0,15.978143692016602,3.943082332611084,0.0,29.0236873626709,2.3481788635253906,0.0,-3.5,10.0
11,20,8.472968101501465,-3.669538736343384,0.2160075306892395,0.09427893906831741,0.0,11.741660118103027,3.8533570766448975,0.0,24.787202835083008,2.258453369140625,0.0,-3.5,10.0
11,25,8.472968101501465,-3.5717101097106934,0.16503532230854034,-0.16868244111537933,0.0,7.505175590515137,3.755528450012207,0.0,20.550718307495117,2.1606247425079346,0.0,-3.5,10.0
11,30,8.472968101501465,-3.516120195388794,0.07742201536893845,-0.15810464322566986,0.0,3.2686915397644043,3.6999382972717285,0.0,16.31423568725586,2.105034828186035,0.0,-3.5,10.0
11,35,8.472968101501465,-3.496149778366089,0.02098439820110798,-0.08249340951442719,0.0,-0.9677924513816833,3.6799678802490234,0.0,12.077751159667969,2.085064172744751,0.0,-3.5,10.0
11,40,8.472968101501465,-3.4937331676483154,-0.0017600960563868284,-0.02603413164615631,0.0,-5.2042765617370605,3.67755126953125,0.0,7.841267108917236,2.0826478004455566,0.0,-3.5,10.0
11,45,8.472968101501465,-3.4963972568511963,-0.005937776528298855,-0.0006591709097847342,0.0,-9.440760612487793,3.680215358734131,0.0,3.604782819747925,2.0853116512298584,0.0,-3.5,10.0
11,50,8.472968101501465,-3.4379003047943115,0.4955092966556549,2.2511017322540283,0.0,-13.677245140075684,3.621718406677246,0.0,-0.6317012310028076,2.0268146991729736,0.0,0.0,10.0
11,55,8.472968101501465,-3.4934582710266113,0.027950745075941086,0.18218371272087097,0.0,-9.440760612487793,3.677276372909546,0.0,3.604782819747925,2.0823726654052734,0.0,-3.5,10.0
11,60,8.472968101501465,-3.24414324760437,1.0796746015548706,2.8101134300231934,0.0,-22.15021324157715,3.4279613494873047,0.0,-9.104669570922852,1.8330577611923218,0.0,0.0,10.0
11,65,8.472968101501465,-2.346548318862915,2.0967295169830322,1.043751835823059,0.0,-26.38669776916504,2.5303664207458496,0.0,-13.341153144836426,0.9354628920555115,0.0,0.0,10.0
11,70,8.472968101501465,-1.3054711818695068,1.9196770191192627,-1.0364717245101929,0.0,-30.623180389404297,1.489289402961731,0.0,-17.57763671875,-0.10561425238847733,0.0,0.0,10.0
11,75,8.472968101501465,-0.5550059676170349,1.1961332559585571,-1.5091572999954224,0.0,-34.85966491699219,0.738824188709259,0.0,-21.81412124633789,-0.8560794591903687,0.0,0.0,10.0
11,80,8.472968101501465,-0.16228333115577698,0.5485209226608276,-1.0897517204284668,0.0,-39.09614944458008,0.3461015224456787,0.0,-26.05060577392578,-1.2488020658493042,0.0,0.0,10.0
11,85,8.472968101501465,-0.013433204963803291,0.1725689172744751,-0.5451421141624451,0.0,-43.33263397216797,0.19725139439105988,0.0,-30.287090301513672,-1.397652268409729,0.0,0.0,10.0
11,90,8.472968101501465,0.018629776313900948,0.018166666850447655,-0.18648415803909302,0.0,-47.56911849975586,0.16518841683864594,0.0,-34.52357482910156,-1.4297152757644653,0.0,0.0,10.0
11,95,8.472968101501465,0.013062733225524426,-0.019414275884628296,-0.025726469233632088,0.0,-51.80560302734375,0.17075546085834503,0.0,-38.76005935668945,-1.4241482019424438,0.0,0.0,10.0
12,0,6.33232307434082,0.0,0.0,0.0,0.0,59.15791320800781,0.46776244044303894,0.0,38.413673400878906,0.1532810628414154,0.0,-3.5,10.0
12,5,6.33232307434082,-3.0726757049560547,-2.0410540103912354,2.8912179470062256,0.0,49.65968704223633,3.540438175201416,0.0,28.91544532775879,3.225956678390503,0.0,-3.5,10.0
12,10,6.33232307434082,-3.6653473377227783,-0.6828535795211792,2.2852439880371094,0.0,46.493526458740234,4.1331095695495605,0.0,25.749284744262695,3.8186283111572266,0.0,-3.5,10.0
12,15,6.33232307434082,-3.759260892868042,0.0357571579515934,0.9174618124961853,0.0,43.32736587524414,4.227023124694824,0.0,22.58312225341797,3.9125418663024902,0.0,-3.5,10.0
12,20,6.33232307434082,-3.6695399284362793,0.2160029262304306,0.09429822862148285,0.0,40.16120147705078,4.137302398681641,0.0,19.416961669921875,3.8228211402893066,0.0,-3.5,10.0
12,25,6.33232307434082,-3.571711778640747,0.16503597795963287,-0.16867652535438538,0.0,36.99504089355469,4.039474010467529,0.0,16.25079917907715,3.7249927520751953,0.0,-3.5,10.0
12,30,6.33232307434082,-3.5161211490631104,0.07742354273796082,-0.15810467302799225,0.0,33.828880310058594,3.9838836193084717,0.0,13.084637641906738,3.6694021224975586,0.0,-3.5,10.0
12,35,6.33232307434082,-3.496150016784668,0.020985372364521027,-0.08249480277299881,0.0,30.662717819213867,3.9639124870300293,0.0,9.918476104736328,3.649430990219116,0.0,-3.5,10.0
12,40,6.33232307434082,-3.4937331676483154,-0.0017597379628568888,-0.02603515051305294,0.0,27.49655532836914,3.9614956378936768,0.0,6.752314567565918,3.6470141410827637,0.0,-3.5,10.0
12,45,6.33232307434082,-3.496397018432617,-0.005937742535024881,-0.0006595971062779427,0.0,24.330394744873047,3.9641594886779785,0.0,3.5861527919769287,3.6496782302856445,0.0,-3.5,10.0
12,50,6.33232307434082,-3.4988605976104736,-0.0038875869940966368,0.005389797501266003,0.0,21.16423225402832,3.966623067855835,0.0,0.41999125480651855,3.652141571044922,0.0,-3.5,10.0
12,55,6.33232307434082,-3.5000319480895996,-0.0014461427927017212,0.004079384729266167,0.0,17.998071670532227,3.967794418334961,0.0,-2.7461702823638916,3.653312921524048,0.0,-3.5,10.0
12,60,6.33232307434082,-3.50030779838562,-0.00013702662545256317,0.0017322464846074581,0.0,14.8319091796875,3.9680702686309814,0.0,-5.912332057952881,3.6535887718200684,0.0,-3.5,10.0
12,65,6.33232307434082,-3.5002291202545166,0.0002510503982193768,0.00031137591577135026,0.0,11.66574764251709,3.967991590499878,0.0,-9.07849407196045,3.653510093688965,0.0,-3.5,10.0
12,70,6.33232307434082,-3.500101327896118,0.00022545784304384142,-0.00018589616229292005,0.0,8.49958610534668,3.9678637981414795,0.0,-12.24465560913086,3.6533823013305664,0.0,-3.5,10.0
12,75,6.33232307434082,-3.5000226497650146,0.00011157833796460181,-0.00021699248463846743,0.0,5.3334245681762695,3.967785120010376,0.0,-15.41081714630127,3.653303861618042,0.0,-3.5,10.0
12,80,6.33232307434082,-3.3605446815490723,0.8078770041465759,2.6249773502349854,0.0,2.1672630310058594,3.8283071517944336,0.0,-18.57697868347168,3.5138256549835205,0.0,0.0,10.0
12,85,6.33232307434082,-2.5544095039367676,2.0128402709960938,1.5487593412399292,0.0,-0.9988986253738403,3.022171974182129,0.0,-21.743141174316406,2.707690715789795,0.0,0.0,10.0
12,90,6.33232307434082,-1.4908146858215332,2.0276176929473877,-0.7797559499740601,0.0,-4.165060043334961,1.9585771560668945,0.0,-24.9093017578125,1.644095778465271,0.0,0.0,10.0
12,95,6.33232307434082,-0.6686888933181763,1.3428720235824585,-1.5240819454193115,0.0,-7.331222057342529,1.1364513635635376,0.0,-28.075464248657227,0.8219699859619141,0.0,0.0,10.0
13,0,10.30700969696045,0.0,0.0,0.0,0.0,60.00138473510742,0.1747862994670868,0.0,31.688974380493164,0.5244659185409546,0.0,-3.5,10.0
13,5,10.30700969696045,-3.072730302810669,-2.0409839153289795,2.89123797416687,0.0,44.5410270690918,3.247516632080078,0.0,16.228618621826172,3.597196340560913,0.0,-3.5,10.0
13,10,10.30700969696045,-3.665370225906372,-0.6827996969223022,2.2851901054382324,0.0,39.38752365112305,3.840156316757202,0.0,11.075113296508789,4.189836025238037,0.0,-3.5,10.0
13,15,10.30700969696045,-3.759265661239624,0.035782311111688614,0.9174095392227173,0.0,34.23401641845703,3.934051990509033,0.0,5.9216084480285645,4.283731460571289,0.0,-3.5,10.0
13,20,10.30700969696045,-3.6695382595062256,0.21600942313671112,0.09427102655172348,0.0,29.08051300048828,3.8443245887756348,0.0,0.7681034207344055,4.194004058837891,0.0,-3.5,10.0
13,25,10.30700969696045,-3.571709394454956,0.16503505408763885,-0.16868487000465393,0.0,23.9270076751709,3.7464957237243652,0.0,-4.385401725769043,4.096175670623779,0.0,-3.5,10.0
13,30,10.30700969696045,-3.5161197185516357,0.07742138206958771,-0.15810462832450867,0.0,18.77350425720215,3.690906047821045,0.0,-9.53890609741211,4.040585994720459,0.0,-3.5,10.0
13,35,10.30700969696045,-3.4961495399475098,0.020983999595046043,-0.08249284327030182,0.0,13.61999797821045,3.670935869216919,0.0,-14.692411422729492,4.020615577697754,0.0,-3.5,10.0
13,40,10.30700969696045,-3.4937331676483154,-0.001760242972522974,-0.026033714413642883,0.0,8.466493606567383,3.6685194969177246,0.0,-19.845916748046875,4.0181989669799805,0.0,-3.5,10.0
13,45,10.30700969696045,-3.246762990951538,1.105553388595581,2.8113296031951904,0.0,3.312988519668579,3.421549081802368,0.0,-24.999422073364258,3.771228790283203,0.0,0.0,10.0
13,50,10.30700969696045,-2.340101480484009,2.1078145503997803,1.008979082107544,0.0,-1.840516448020935,2.514887809753418,0.0,-30.152925491333008,2.864567279815674,0.0,0.0,10.0
13,55,10.30700969696045,-1.297838807106018,1.9176851511001587,-1.054857850074768,0.0,-6.994021415710449,1.4726250171661377,0.0,-35.30643081665039,1.8223047256469727,0.0,0.0,10.0
13,60,10.30700969696045,-0.549895167350769,1.190259337425232,-1.511354684829712,0.0,-12.147526741027832,0.7246814966201782,0.0,-40.459938049316406,1.0743610858917236,0.0,0.0,10.0
13,65,10.30700969696045,-0.1598750352859497,0.5438508987426758,-1.0856342315673828,0.0,-17.3010311126709,0.3346613347530365,0.0,-45.613441467285156,0.6843409538269043,0.0,0.0,10.0
13,70,10.30700969696045,-0.012676995247602463,0.1701490432024002,-0.5409414172172546,0.0,-22.45453643798828,0.18746329843997955,0.0,-50.766944885253906,0.5371429324150085,0.0,0.0,10.0
13,75,10.30700969696045,0.018693817779421806,0.017328588292002678,-0.1840607076883316,0.0,-27.608041763305664,0.15609247982501984,0.0,-55.92045211791992,0.5057721138000488,0.0,0.0,10.0
13,80,10.30700969696045,0.012959904968738556,-0.019523845985531807,-0.024799956008791924,0.0,-32.76154708862305,0.16182640194892883,0.0,-61.07395553588867,0.5115060210227966,0.0,0.0,10.0
13,85,10.30700969696045,0.003583204234018922,-0.015476208180189133,0.01875067502260208,0.0,-37.9150505065918,0.17120309174060822,0.0,-66.22746276855469,0.5208827257156372,0.0,0.0,10.0
13,90,10.30700969696045,-0.0011008897563442588,-0.005606250837445259,0.017311209812760353,0.0,-43.06855773925781,0.17588719725608826,0.0,-71.38096618652344,0.525566816329956,0.0,0.0,10.0
13,95,10.30700969696045,-0.0019762180745601654,4.024771260446869e-05,0.007436493877321482,0.0,-48.22206115722656,0.17676252126693726,0.0,-76.53446960449219,0.5264421701431274,0.0,0.0,10.0
14,0,11.420018196105957,0.0,0.0,0.0,0.0,36.863468170166016,1.0039284229278564,0.0,57.62428283691406,0.6028849482536316,0.0,-3.5,10.0
14,5,11.420018196105957,-3.0727365016937256,-2.040976047515869,2.891240119934082,0.0,19.733585357666016,4.076664924621582,0.0,40.4943962097168,3.675621271133423,0.0,-3.5,10.0
14,10,11.420018196105957,-3.665372610092163,-0.6827936172485352,2.285184144973755,0.0,14.023575782775879,4.6693010330200195,0.0,34.784385681152344,4.2682576179504395,0.0,-3.5,10.0
14,15,11.420018196105957,-3.7592661380767822,0.035785138607025146,0.9174036383628845,0.0,8.313566207885742,4.763194561004639,0.0,29.074378967285156,4.362151145935059,0.0,-3.5,10.0
14,20,11.420018196105957,-3.6695382595062256,0.21601015329360962,0.09426796436309814,0.0,2.6035571098327637,4.673466682434082,0.0,23.364368438720703,4.272423267364502,0.0,-3.5,10.0
14,25,11.420018196105957,-3.571709156036377,0.1650349497795105,-0.16868580877780914,0.0,-3.106452226638794,4.5756378173828125,0.0,17.654359817504883,4.174594402313232,0.0,-3.5,10.0
14,30,11.420018196105957,-3.5161197185516357,0.0774211436510086,-0.15810461342334747,0.0,-8.816461563110352,4.520048141479492,0.0,11.944350242614746,4.119004726409912,0.0,-3.5,10.0
14,35,11.420018196105957,-3.244011640548706,1.1440426111221313,2.8035030364990234,0.0,-14.526471138000488,4.2479400634765625,0.0,6.234341144561768,3.8468966484069824,0.0,0.0,10.0
14,40,11.420018196105957,-2.325157642364502,2.120466709136963,0.9523069262504578,0.0,-20.236480712890625,3.3290860652923584,0.0,0.5243319272994995,2.9280426502227783,0.0,0.0,10.0
14,45,11.420018196105957,-1.2833185195922852,1.9104512929916382,-1.080967664718628,0.0,-25.946489334106445,2.2872469425201416,0.0,-5.185677528381348,1.886203408241272,0.0,0.0,10.0
14,50,11.420018196105957,-0.5408811569213867,1.1786421537399292,-1.5114006996154785,0.0,-31.656497955322266,1.5448094606399536,0.0,-10.895686149597168,1.1437660455703735,0.0,0.0,10.0
14,55,11.420018196105957,-0.15585628151893616,0.535510778427124,-1.0769157409667969,0.0,-37.36650848388672,1.1597846746444702,0.0,-16.605695724487305,0.7587411999702454,0.0,0.0,10.0
14,60,11.420018196105957,-0.011505607515573502,0.16608348488807678,-0.5333135724067688,0.0,-43.076515197753906,1.0154340267181396,0.0,-22.315704345703125,0.6143905520439148,0.0,0.0,10.0
14,65,11.420018196105957,0.018743103370070457,0.01601937785744667,-0.17995302379131317,0.0,-48.78652572631836,0.9851852655410767,0.0,-28.025714874267578,0.5841418504714966,0.0,0.0,10.0
14,70,11.420018196105957,0.012770907022058964,-0.019641496241092682,-0.02333671972155571,0.0,-54.49653625488281,0.9911574721336365,0.0,-33.73572540283203,0.5901139974594116,0.0,0.0,10.0
14,75,11.420018196105957,0.0034514362923800945,-0.015295778401196003,0.01895439624786377,0.0,-60.20654296875,1.0004769563674927,0.0,-39.44573211669922,0.5994334816932678,0.0,0.0,10.0
14,80,11.420018196105957,-0.0011458322405815125,-0.005460488609969616,0.01715065911412239,0.0,-65.91655731201172,1.0050742626190186,0.0,-45.15574264526367,0.6040307879447937,0.0,0.0,10.0
14,85,11.420018196105957,-0.001974876504391432,9.949070226866752e-05,0.00728180818259716,0.0,-71.6265640258789,1.0059032440185547,0.0,-50.865753173828125,0.6048598289489746,0.0,0.0,10.0
14,90,11.420018196105957,-0.0013346909545361996,0.0016083399532362819,0.0009392458596266806,0.0,-77.3365707397461,1.005263090133667,0.0,-56.57575988769531,0.6042196154594421,0.0,0.0,10.0
14,95,11.420018196105957,-0.0005855411873199046,0.0012834698427468538,-0.001213749754242599,0.0,-83.04658508300781,1.0045139789581299,0.0,-62.285770416259766,0.6034704446792603,0.0,0.0,10.0
15,0,7.8108110427856445,0.0,0.0,0.0,0.0,61.90541458129883,0.847041130065918,0.0,30.84657096862793,0.18779708445072174,0.0,-3.5,10.0
15,5,7.8108110427856445,-3.0727057456970215,-2.041015386581421,2.8912289142608643,0.0,50.18940734863281,3.9197468757629395,0.0,19.130563735961914,3.260502815246582,0.0,-3.5,10.0
15,10,7.8108110427856445,-3.6653599739074707,-0.682823896408081,2.285214424133301,0.0,46.284000396728516,4.512401103973389,0.0,15.225157737731934,3.8531570434570312,0.0,-3.5,10.0
15,15,7.8108110427856445,-3.759263515472412,0.035771001130342484,0.9174330234527588,0.0,42.378597259521484,4.60630464553833,0.0,11.31975269317627,3.9470605850219727,0.0,-3.5,10.0
15,20,7.8108110427856445,-3.669539213180542,0.21600650250911713,0.09428325295448303,0.0,38.47319030761719,4.516580104827881,0.0,7.414347171783447,3.8573362827301025,0.0,-3.5,10.0
15,25,7.8108110427856445,-3.5717105865478516,0.1650354564189911,-0.16868111491203308,0.0,34.567787170410156,4.4187517166137695,0.0,3.508941650390625,3.759507656097412,0.0,-3.5,10.0
15,30,7.8108110427856445,-3.516120433807373,0.0774223580956459,-0.15810464322566986,0.0,30.66238021850586,4.363161563873291,0.0,-0.39646366238594055,3.7039175033569336,0.0,-3.5,10.0
15,35,7.8108110427856445,-3.496149778366089,0.02098461613059044,-0.08249372243881226,0.0,26.756975173950195,4.343191146850586,0.0,-4.301868915557861,3.6839468479156494,0.0,-3.5,10.0
15,40,7.8108110427856445,-3.4937331676483154,-0.0017600159626454115,-0.026034360751509666,0.0,22.85157012939453,4.3407745361328125,0.0,-8.207274436950684,3.681530237197876,0.0,-3.5,10.0
15,45,7.8108110427856445,-3.4963972568511963,-0.005937769077718258,-0.0006592661957256496,0.0,18.946165084838867,4.343438148498535,0.0,-12.112679481506348,3.684194326400757,0.0,-3.5,10.0
15,50,7.8108110427856445,-3.4988605976104736,-0.003887539729475975,0.005389856174588203,0.0,15.040759086608887,4.345901966094971,0.0,-16.018085479736328,3.686657667160034,0.0,-3.5,10.0
15,55,7.8108110427856445,-3.5000319480895996,-0.001446100533939898,0.004079349339008331,0.0,11.135353088378906,4.347073078155518,0.0,-19.923490524291992,3.68782901763916,0.0,-3.5,10.0
15,60,7.8108110427856445,-3.50030779838562,-0.00013700593262910843,0.0017322056228294969,0.0,7.229948043823242,4.347349166870117,0.0,-23.828895568847656,3.6881048679351807,0.0,0.0,10.0
15,65,7.8108110427856445,-3.1110243797302246,1.3964899778366089,2.791349172592163,0.0,3.32454252243042,3.9580655097961426,0.0,-27.734302520751953,3.298821449279785,0.0,0.0,10.0
15,70,7.8108110427856445,-2.1241633892059326,2.157227039337158,0.4767273962497711,0.0,-0.5808628797531128,2.9712045192718506,0.0,-31.639707565307617,2.311960458755493,0.0,0.0,10.0
15,75,7.8108110427856445,-1.1183459758758545,1.7904784679412842,-1.2669893503189087,0.0,-4.486268520355225,1.9653871059417725,0.0,-35.54511260986328,1.306143045425415,0.0,0.0,10.0
15,80,7.8108110427856445,-0.4455721974372864,1.0431042909622192,-1.4677504301071167,0.0,-8.391674041748047,1.2926133871078491,0.0,-39.45051956176758,0.6333692669868469,0.0,0.0,10.0
15,85,7.8108110427856445,-0.1154034435749054,0.4468105733394623,-0.9704916477203369,0.0,-12.297079086303711,0.9624446034431458,0.0,-43.35592269897461,0.30320051312446594,0.0,0.0,10.0
15,90,7.8108110427856445,-0.00036688512773253024,0.12517838180065155,-0.45140188932418823,0.0,-16.202484130859375,0.8474080562591553,0.0,-47.261329650878906,0.18816396594047546,0.0,0.0,10.0
15,95,7.8108110427856445,0.018930912017822266,0.0036327121779322624,-0.1385154277086258,0.0,-20.10788917541504,0.8281102180480957,0.0,-51.16673278808594,0.16886617243289948,0.0,0.0,10.0
16,0,7.212221622467041,0.0,0.0,0.0,0.0,34.853965759277344,0.3863268494606018,0.0,54.870582580566406,-0.35543906688690186,0.0,-3.5,10.0
16,5,7.212221622467041,-3.072695732116699,-2.0410282611846924,2.8912253379821777,0.0,24.035860061645508,3.4590227603912354,0.0,44.05247497558594,2.717256784439087,0.0,-3.5,10.0
16,10,7.212221622467041,-3.665355682373047,-0.6828337907791138,2.285224199295044,0.0,20.42974853515625,4.051682472229004,0.0,40.44636535644531,3.3099167346954346,0.0,-3.5,10.0
16,15,7.212221622467041,-3.7592625617980957,0.03576641157269478,0.9174425601959229,0.0,16.823638916015625,4.145589351654053,0.0,36.84025573730469,3.4038236141204834,0.0,-3.5,10.0
16,20,7.212221622467041,-3.669539451599121,0.21600531041622162,0.09428821504116058,0.0,13.217528343200684,4.055866241455078,0.0,33.23414611816406,3.3141002655029297,0.0,-3.5,10.0
16,25,7.212221622467041,-3.5717110633850098,0.16503563523292542,-0.1686795949935913,0.0,9.611416816711426,3.958037853240967,0.0,29.628032684326172,3.2162718772888184,0.0,-3.5,10.0
16,30,7.212221622467041,-3.516120672225952,0.07742275297641754,-0.15810465812683105,0.0,6.005306243896484,3.902447462081909,0.0,26.021923065185547,3.1606814861297607,0.0,-3.5,10.0
16,35,7.212221622467041,-3.496149778366089,0.020984865725040436,-0.08249408006668091,0.0,2.399195671081543,3.882476806640625,0.0,22.41581153869629,3.1407108306884766,0.0,-3.5,10.0
16,40,7.212221622467041,-3.4937331676483154,-0.0017599237617105246,-0.02603462152183056,0.0,-1.206915020942688,3.8800599575042725,0.0,18.809701919555664,3.138294219970703,0.0,-3.5,10.0
16,45,7.212221622467041,-3.4963972568511963,-0.005937760230153799,-0.0006593759171664715,0.0,-4.813025951385498,3.8827240467071533,0.0,15.203590393066406,3.140958070755005,0.0,-3.5,10.0
16,50,7.212221622467041,-3.4988605976104736,-0.0038875553291291,0.0053898366168141365,0.0,-8.419136047363281,3.8851873874664307,0.0,11.597479820251465,3.1434216499328613,0.0,-3.5,10.0
16,55,7.212221622467041,-3.5000319480895996,-0.0014461145037785172,0.004079360980540514,0.0,-12.025247573852539,3.8863587379455566,0.0,7.991369247436523,3.1445930004119873,0.0,-3.5,10.0
16,60,7.212221622467041,-3.50030779838562,-0.00013701280113309622,0.0017322192434221506,0.0,-15.63135814666748,3.886634588241577,0.0,4.385258197784424,3.144868850708008,0.0,-3.5,10.0
16,65,7.212221622467041,-3.250718116760254,1.1112626791000366,2.81258487701416,0.0,-19.237468719482422,3.637044906616211,0.0,0.7791476845741272,2.8952789306640625,0.0,0.0,10.0
16,70,7.212221622467041,-2.341597080230713,2.1118268966674805,1.004170536994934,0.0,-22.84358024597168,2.72792387008667,0.0,-2.826962947845459,1.986158013343811,0.0,0.0,10.0
16,75,7.212221622467041,-1.2980486154556274,1.9193904399871826,-1.058855652809143,0.0,-26.449689865112305,1.6843754053115845,0.0,-6.433073997497559,0.9426094889640808,0.0,0.0,10.0
16,80,7.212221622467041,-0.5497087240219116,1.190608024597168,-1.5132529735565186,0.0,-30.055801391601562,0.9360355734825134,0.0,-10.0391845703125,0.19426967203617096,0.0,0.0,10.0
16,85,7.212221622467041,-0.15968990325927734,0.5437168478965759,-1.0861271619796753,0.0,-33.66191101074219,0.5460167527198792,0.0,-13.645295143127441,-0.19574914872646332,0.0,0.0,10.0
16,90,7.212221622467041,-0.012584177777171135,0.16996940970420837,-0.5408681035041809,0.0,-37.26802062988281,0.3989110291004181,0.0,-17.251405715942383,-0.34285488724708557,0.0,0.0,10.0
16,95,7.212221622467041,0.0187187772244215,0.01722712814807892,-0.18389177322387695,0.0,-40.8741340637207,0.36760807037353516,0.0,-20.85751724243164,-0.3741578161716461,0.0,0.0,10.0
17,0,11.855953216552734,0.0,0.0,0.0,0.0,36.925968170166016,-0.14059332013130188,0.0,52.91349411010742,-0.8736581802368164,0.0,-3.5,10.0
17,5,11.855953216552734,-3.0727384090423584,-2.040973663330078,2.8912408351898193,0.0,19.142175674438477,2.932145118713379,0.0,35.129703521728516,2.199080228805542,0.0,-3.5,10.0
17,10,11.855953216552734,-3.6653735637664795,-0.6827917098999023,2.285182237625122,0.0,13.21419906616211,3.5247802734375,0.0,29.201725006103516,2.791715383529663,0.0,-3.5,10.0
17,15,11.855953216552734,-3.7592663764953613,0.035786036401987076,0.9174017906188965,0.0,7.286221981048584,3.6186728477478027,0.0,23.27374839782715,2.885608196258545,0.0,-3.5,10.0
17,20,11.855953216552734,-3.6695380210876465,0.21601037681102753,0.09426699578762054,0.0,1.3582452535629272,3.528944730758667,0.0,17.34577178955078,2.79587984085083,0.0,-3.5,10.0
17,25,11.855953216552734,-3.571709156036377,0.16503490507602692,-0.16868610680103302,0.0,-4.569731712341309,3.4311158657073975,0.0,11.417794227600098,2.6980509757995605,0.0,-3.5,10.0
17,30,11.855953216552734,-3.5161197185516357,0.07742106169462204,-0.15810461342334747,0.0,-10.497708320617676,3.3755264282226562,0.0,5.4898176193237305,2.6424615383148193,0.0,0.0,10.0
17,35,11.855953216552734,-3.1019461154937744,1.4353407621383667,2.7532401084899902,0.0,-16.42568588256836,2.961352825164795,0.0,-0.4381590783596039,2.228288173675537,0.0,0.0,10.0
17,40,11.855953216552734,-2.1050660610198975,2.164306163787842,0.4166896343231201,0.0,-22.353662490844727,1.964472770690918,0.0,-6.366136074066162,1.231407880783081,0.0,0.0,10.0
17,45,11.855953216552734,-1.1022164821624756,1.77899169921875,-1.2884719371795654,0.0,-28.281639099121094,0.9616231322288513,0.0,-12.294113159179688,0.2285582721233368,0.0,0.0,10.0
17,50,11.855953216552734,-0.4363383650779724,1.0296233892440796,-1.4635382890701294,0.0,-34.209617614746094,0.29574504494667053,0.0,-18.222089767456055,-0.437319815158844,0.0,0.0,10.0
17,55,11.855953216552734,-0.11160248517990112,0.43808263540267944,-0.9596801400184631,0.0,-40.13759231567383,-0.02899082936346531,0.0,-24.150066375732422,-0.7620556950569153,0.0,0.0,10.0
17,60,11.855953216552734,0.0005885074497200549,0.12126469612121582,-0.4432150721549988,0.0,-46.06557083129883,-0.1411818265914917,0.0,-30.07804298400879,-0.8742466568946838,0.0,0.0,10.0
17,65,11.855953216552734,0.018869571387767792,0.0025297594256699085,-0.13448533415794373,0.0,-51.99354553222656,-0.15946288406848907,0.0,-36.006019592285156,-0.8925277590751648,0.0,0.0,10.0
17,70,11.855953216552734,0.010646999813616276,-0.020380865782499313,-0.008204908110201359,0.0,-57.92152404785156,-0.15124031901359558,0.0,-41.933998107910156,-0.8843051791191101,0.0,0.0,10.0
17,75,11.855953216552734,0.002100143814459443,-0.013174914754927158,0.020527588203549385,0.0,-63.8494987487793,-0.14269345998764038,0.0,-47.86197280883789,-0.8757582902908325,0.0,0.0,10.0
17,80,11.855953216552734,-0.0015419302508234978,-0.003913321066647768,0.015163499861955643,0.0,-69.77747344970703,-0.1390513777732849,0.0,-53.78995132446289,-0.8721162676811218,0.0,0.0,10.0
17,85,11.855953216552734,-0.001903790165670216,0.0006654526805505157,0.005594246555119753,0.0,-75.70545196533203,-0.13868951797485352,0.0,-59.717926025390625,-0.8717544078826904,0.0,0.0,10.0
17,90,11.855953216552734,-0.0011673533590510488,0.0016275749076157808,0.00021819514222443104,0.0,-81.63343048095703,-0.13942596316337585,0.0,-65.64590454101562,-0.8724908232688904,0.0,0.0,10.0
17,95,11.855953216552734,-0.00046840921277180314,0.0011475401697680354,-0.0013236404629424214,0.0,-87.56140899658203,-0.14012490212917328,0.0,-71.57388305664062,-0.8731897473335266,0.0,0.0,10.0
18,0,10.482528686523438,0.0,0.0,0.0,0.0,43.22807693481445,0.8348028659820557,0.0,58.49836349487305,-1.3495993614196777,0.0,-3.5,10.0
18,5,10.482528686523438,-3.0727314949035645,-2.040982484817505,2.891238212585449,0.0,27.504438400268555,3.907534122467041,0.0,42.77472686767578,1.7231320142745972,0.0,-3.5,10.0
18,10,10.482528686523438,-3.6653707027435303,-0.6827986240386963,2.285189151763916,0.0,22.263174057006836,4.500173568725586,0.0,37.53346252441406,2.3157711029052734,0.0,-3.5,10.0
18,15,10.482528686523438,-3.759265661239624,0.035782817751169205,0.9174084663391113,0.0,17.021909713745117,4.59406852722168,0.0,32.292198181152344,2.4096662998199463,0.0,-3.5,10.0
18,20,10.482528686523438,-3.6695382595062256,0.21600955724716187,0.0942704826593399,0.0,11.780646324157715,4.504341125488281,0.0,27.050933837890625,2.319938898086548,0.0,-3.5,10.0
18,25,10.482528686523438,-3.571709394454956,0.16503502428531647,-0.16868503391742706,0.0,6.539381980895996,4.406512260437012,0.0,21.809669494628906,2.2221100330352783,0.0,-3.5,10.0
18,30,10.482528686523438,-3.5161197185516357,0.07742133736610413,-0.15810462832450867,0.0,1.298117995262146,4.350922584533691,0.0,16.56840705871582,2.166520357131958,0.0,-3.5,10.0
18,35,10.482528686523438,-3.4961495399475098,0.020983971655368805,-0.08249279856681824,0.0,-3.943146228790283,4.3309526443481445,0.0,11.327141761779785,2.146550178527832,0.0,-3.5,10.0
18,40,10.482528686523438,-3.4937331676483154,-0.001760253100655973,-0.026033686473965645,0.0,-9.184410095214844,4.328536033630371,0.0,6.085877895355225,2.1441338062286377,0.0,-3.5,10.0
18,45,10.482528686523438,-3.481417179107666,0.20668721199035645,1.4981358051300049,0.0,-14.425674438476562,4.316220283508301,0.0,0.8446137309074402,2.1318178176879883,0.0,0.0,10.0
18,50,10.482528686523438,-2.9438703060150146,1.6458507776260376,2.513979196548462,0.0,-19.66693878173828,3.7786731719970703,0.0,-4.396650314331055,1.5942708253860474,0.0,0.0,10.0
18,55,10.482528686523438,-3.390321969985962,0.4913465082645416,1.4704012870788574,0.0,-14.425674438476562,4.225124835968018,0.0,0.8446137309074402,2.040722608566284,0.0,-3.5,10.0
18,60,10.482528686523438,-3.1728289127349854,0.7058031558990479,2.7882883548736572,0.0,-30.14946746826172,4.007631778717041,0.0,-14.879179000854492,1.8232295513153076,0.0,0.0,10.0
18,65,10.482528686523438,-2.4150655269622803,1.9094098806381226,1.516193151473999,0.0,-35.39073181152344,3.249868392944336,0.0,-20.12044334411621,1.065466046333313,0.0,0.0,10.0
18,70,10.482528686523438,-1.4047324657440186,1.9244964122772217,-0.7509079575538635,0.0,-40.631996154785156,2.239535331726074,0.0,-25.36170768737793,0.055133119225502014,0.0,0.0,10.0
18,75,10.482528686523438,-0.6262083053588867,1.2690527439117432,-1.454578161239624,0.0,-45.873260498046875,1.4610111713409424,0.0,-30.60297203063965,-0.723391056060791,0.0,0.0,10.0
18,80,10.482528686523438,-0.19761914014816284,0.6125364303588867,-1.1365036964416504,0.0,-51.114524841308594,1.0324219465255737,0.0,-35.844234466552734,-1.1519802808761597,0.0,0.0,10.0
18,85,10.482528686523438,-0.02535215951502323,0.20769742131233215,-0.6015514731407166,0.0,-56.35578918457031,0.8601549863815308,0.0,-41.08549880981445,-1.3242472410202026,0.0,0.0,10.0
18,90,10.482528686523438,0.01710350438952446,0.031188711524009705,-0.2212463766336441,0.0,-61.59705352783203,0.8176993727684021,0.0,-46.32676315307617,-1.366702914237976,0.0,0.0,10.0
18,95,10.482528686523438,0.014339613728225231,-0.017198124900460243,-0.03991436958312988,0.0,-66.83831787109375,0.820463240146637,0.0,-51.56802749633789,-1.3639390468597412,0.0,0.0,10.0
19,0,10.675519943237305,0.0,0.0,0.0,0.0,25.876943588256836,-0.09118323773145676,0.0,40.974388122558594,-0.12066907435655594,0.0,-3.5,10.0
19,5,10.675519943237305,-3.072732448577881,-2.0409810543060303,2.8912386894226074,0.0,9.863816261291504,2.9815492630004883,0.0,24.961261749267578,2.95206356048584,0.0,-3.5,10.0
19,10,10.675519943237305,-3.6653711795806885,-0.6827974915504456,2.2851879596710205,0.0,4.526056289672852,3.574187755584717,0.0,19.623502731323242,3.5447020530700684,0.0,-3.5,10.0
19,15,10.675519943237305,-3.759265661239624,0.035783346742391586,0.9174073934555054,0.0,-0.8117039799690247,3.6680824756622314,0.0,14.28574275970459,3.638596773147583,0.0,-3.5,10.0
19,20,10.675519943237305,-3.6695382595062256,0.2160096913576126,0.09426990896463394,0.0,-6.149464130401611,3.578355073928833,0.0,8.947982788085938,3.5488691329956055,0.0,-3.5,10.0
19,25,10.675519943237305,-3.4302470684051514,0.9853839874267578,2.6171958446502686,0.0,-11.487223625183105,3.3390636444091797,0.0,3.610222339630127,3.3095779418945312,0.0,0.0,10.0
19,30,10.675519943237305,-2.5531039237976074,2.1187753677368164,1.3576444387435913,0.0,-16.824983596801758,2.461920738220215,0.0,-1.7275376319885254,2.4324347972869873,0.0,0.0,10.0
19,35,10.675519943237305,-1.463744878768921,2.048619031906128,-0.9152683615684509,0.0,-22.162744522094727,1.3725615739822388,0.0,-7.065297603607178,1.3430757522583008,0.0,0.0,10.0
19,40,10.675519943237305,-0.6446869373321533,1.325833797454834,-1.5657358169555664,0.0,-27.500503540039062,0.553503692150116,0.0,-12.403058052062988,0.524017870426178,0.0,0.0,10.0
19,45,10.675519943237305,-0.2004023939371109,0.6312925219535828,-1.1916135549545288,0.0,-32.83826446533203,0.10921915620565414,0.0,-17.74081802368164,0.07973331958055496,0.0,0.0,10.0
19,50,10.675519943237305,-0.024281268939375877,0.21065212786197662,-0.6210301518440247,0.0,-38.176025390625,-0.06690196692943573,0.0,-23.078577041625977,-0.09638780355453491,0.0,0.0,10.0
19,55,10.675519943237305,0.01805390603840351,0.029943235218524933,-0.22467873990535736,0.0,-43.5137825012207,-0.10923714190721512,0.0,-28.416337966918945,-0.1387229859828949,0.0,0.0,10.0
19,60,10.675519943237305,0.014583524316549301,-0.018419818952679634,-0.0386626310646534,0.0,-48.85154342651367,-0.10576676577329636,0.0,-33.75409698486328,-0.13525259494781494,0.0,0.0,10.0
19,65,10.675519943237305,0.004681308753788471,-0.01711692102253437,0.016981584951281548,0.0,-54.18930435180664,-0.09586454927921295,0.0,-39.09185791015625,-0.12535038590431213,0.0,0.0,10.0
19,70,10.675519943237305,-0.0007759713917039335,-0.006879990454763174,0.018851231783628464,0.0,-59.52706527709961,-0.09040726721286774,0.0,-44.42961883544922,-0.11989310383796692,0.0,0.0,10.0
19,75,10.675519943237305,-0.0020406164694577456,-0.00043454431579448283,0.008835329674184322,0.0,-64.86482238769531,-0.08914262056350708,0.0,-49.76737976074219,-0.11862845718860626,0.0,0.0,10.0
19,80,10.675519943237305,-0.0014933737693354487,0.0015858173137530684,0.0016218879027292132,0.0,-70.20258331298828,-0.08968986570835114,0.0,-55.10513687133789,-0.11917570233345032,0.0,0.0,10.0
19,85,10.675519943237305,-0.0006981089827604592,0.0014106342568993568,-0.0011033288901671767,0.0,-75.54034423828125,-0.09048512578010559,0.0,-60.44289779663086,-0.11997096985578537,0.0,0.0,10.0
19,90,10.675519943237305,-0.00019555421022232622,0.0007318800780922174,-0.0013069231063127518,0.0,-80.87810516357422,-0.0909876823425293,0.0,-65.78065490722656,-0.12047351896762848,0.0,0.0,10.0
19,95,10.675519943237305,7.930033461889252e-06,0.00023547900491394103,-0.0007587038562633097,0.0,-86.21586608886719,-0.09119116514921188,0.0,-71.11841583251953,-0.12067700177431107,0.0,0.0,10.0
20,0,9.470555305480957,0.0,0.0,0.0,0.0,36.77265167236328,-1.6415817737579346,0.0,56.897064208984375,-0.7266871929168701,0.0,-3.5,10.0
20,5,9.470555305480957,-3.0727241039276123,-2.04099178314209,2.891235589981079,0.0,22.566991806030273,1.4311424493789673,0.0,42.69140625,2.346036911010742,0.0,-3.5,10.0
20,10,9.470555305480957,-3.665367603302002,-0.6828057169914246,2.28519606590271,0.0,17.83171272277832,2.0237858295440674,0.0,37.95612716674805,2.938680410385132,0.0,-3.5,10.0
20,15,9.470555305480957,-3.7592649459838867,0.03577949479222298,0.9174153804779053,0.0,13.096436500549316,2.117683172225952,0.0,33.220848083496094,3.0325779914855957,0.0,-3.5,10.0
20,20,9.470555305480957,-3.6695384979248047,0.21600869297981262,0.09427406638860703,0.0,8.36115837097168,2.02795672416687,0.0,28.485572814941406,2.9428513050079346,0.0,-3.5,10.0
20,25,9.470555305480957,-3.5717098712921143,0.16503514349460602,-0.16868393123149872,0.0,3.6258809566497803,1.9301279783248901,0.0,23.750295639038086,2.845022678375244,0.0,-3.5,10.0
20,30,9.470555305480957,-3.516119956970215,0.0774216279387474,-0.15810462832450867,0.0,-1.1093968152999878,1.8745381832122803,0.0,19.015016555786133,2.7894327640533447,0.0,-3.5,10.0
20,35,9.470555305480957,-3.4961495399475098,0.02098415233194828,-0.08249305933713913,0.0,-5.844674587249756,1.8545678853988647,0.0,14.279739379882812,2.7694623470306396,0.0,-3.5,10.0
20,40,9.470555305480957,-3.4937331676483154,-0.001760186511091888,-0.026033874601125717,0.0,-10.579952239990234,1.8521513938903809,0.0,9.544462203979492,2.7670459747314453,0.0,-3.5,10.0
20,45,9.470555305480957,-3.4963972568511963,-0.005937785375863314,-0.0006590632256120443,0.0,-15.315229415893555,1.8548154830932617,0.0,4.8091840744018555,2.769710063934326,0.0,-3.5,10.0
20,50,9.470555305480957,-3.2494680881500244,1.1065409183502197,2.8126027584075928,0.0,-20.050506591796875,1.6078863143920898,0.0,0.07390668243169785,2.5227808952331543,0.0,0.0,10.0
20,55,9.470555305480957,-2.3420827388763428,2.1094915866851807,1.009819507598877,0.0,-24.785785675048828,0.700501024723053,0.0,-4.661370754241943,1.6153956651687622,0.0,0.0,10.0
20,60,9.470555305480957,-1.2989745140075684,1.9192665815353394,-1.055596113204956,0.0,-29.52106285095215,-0.3426072895526886,0.0,-9.396648406982422,0.5722873210906982,0.0,0.0,10.0
20,65,9.470555305480957,-0.5503995418548584,1.1912822723388672,-1.5125555992126465,0.0,-34.25634002685547,-1.0911822319030762,0.0,-14.131926536560059,-0.17628765106201172,0.0,0.0,10.0
20,70,9.470555305480957,-0.1600353866815567,0.5443416833877563,-1.0865482091903687,0.0,-38.99161911010742,-1.481546401977539,0.0,-18.867204666137695,-0.5666517615318298,0.0,0.0,10.0
20,75,9.470555305480957,-0.012699244543910027,0.17031599581241608,-0.5414213538169861,0.0,-43.72689437866211,-1.6288825273513794,0.0,-23.602481842041016,-0.7139879465103149,0.0,0.0,10.0
20,80,9.470555305480957,0.018706107512116432,0.017354829236865044,-0.1842372566461563,0.0,-48.46217346191406,-1.660287857055664,0.0,-28.337759017944336,-0.7453932762145996,0.0,0.0,10.0
20,85,9.470555305480957,0.012970608659088612,-0.019536463543772697,-0.024832552298903465,0.0,-53.19744873046875,-1.6545523405075073,0.0,-33.073036193847656,-0.7396577596664429,0.0,0.0,10.0
20,90,9.470555305480957,0.003586729522794485,-0.015488839708268642,0.018762223422527313,0.0,-57.9327278137207,-1.6451685428619385,0.0,-37.80831527709961,-0.7302739024162292,0.0,0.0,10.0
20,95,9.470555305480957,-0.0011014498304575682,-0.00561145506799221,0.0173251461237669,0.0,-62.668006896972656,-1.6404802799224854,0.0,-42.5435905456543,-0.7255856990814209,0.0,0.0,10.0
21,0,9.302556037902832,0.0,0.0,0.0,0.0,43.65779113769531,-0.702087938785553,0.0,63.42474365234375,0.2222432643175125,0.0,-3.5,10.0
21,5,9.302556037902832,-3.0727226734161377,-2.0409936904907227,2.891235113143921,0.0,29.704132080078125,2.3706347942352295,0.0,49.47108459472656,3.294965982437134,0.0,-3.5,10.0
21,10,9.302556037902832,-3.6653668880462646,-0.6828071475028992,2.2851974964141846,0.0,25.052854537963867,2.9632790088653564,0.0,44.81980895996094,3.8876101970672607,0.0,-3.5,10.0
21,15,9.302556037902832,-3.7592649459838867,0.03577883914113045,0.9174167513847351,0.0,20.40157699584961,3.0571770668029785,0.0,40.16852951049805,3.981508255004883,0.0,-3.5,10.0
21,20,9.302556037902832,-3.6695384979248047,0.2160085290670395,0.09427478164434433,0.0,15.750298500061035,2.9674506187438965,0.0,35.517250061035156,3.891781806945801,0.0,-3.5,10.0
21,25,9.302556037902832,-3.5717098712921143,0.1650351732969284,-0.1686837077140808,0.0,11.099020957946777,2.869621992111206,0.0,30.86597442626953,3.7939531803131104,0.0,-3.5,10.0
21,30,9.302556037902832,-3.516119956970215,0.07742168009281158,-0.15810462832450867,0.0,6.447742938995361,2.8140320777893066,0.0,26.21469497680664,3.738363265991211,0.0,-3.5,10.0
21,35,9.302556037902832,-3.4961495399475098,0.020984187722206116,-0.08249311149120331,0.0,1.7964651584625244,2.7940616607666016,0.0,21.563417434692383,3.718392848968506,0.0,-3.5,10.0
21,40,9.302556037902832,-3.4937331676483154,-0.0017601732397451997,-0.02603391371667385,0.0,-2.8548128604888916,2.7916452884674072,0.0,16.912139892578125,3.7159764766693115,0.0,-3.5,10.0
21,45,9.302556037902832,-3.4963972568511963,-0.005937783978879452,-0.000659078941680491,0.0,-7.5060906410217285,2.794309377670288,0.0,12.26086139678955,3.7186405658721924,0.0,-3.5,10.0
21,50,9.302556037902832,-3.4988605976104736,-0.003887512953951955,0.005389889236539602,0.0,-12.157368659973145,2.7967727184295654,0.0,7.609583854675293,3.7211039066314697,0.0,-3.5,10.0
21,55,9.302556037902832,-3.2506282329559326,1.1090612411499023,2.8128395080566406,0.0,-16.80864715576172,2.5485403537750244,0.0,2.958306074142456,3.4728715419769287,0.0,0.0,10.0
21,60,9.302556037902832,-2.3422443866729736,2.1109769344329834,1.0072131156921387,0.0,-21.459924697875977,1.6401563882827759,0.0,-1.6929718255996704,2.5644876956939697,0.0,0.0,10.0
21,65,9.302556037902832,-1.298749327659607,1.9196465015411377,-1.0573453903198242,0.0,-26.111202239990234,0.596661388874054,0.0,-6.344249725341797,1.5209925174713135,0.0,0.0,10.0
21,70,9.302556037902832,-0.5501623749732971,1.1911576986312866,-1.513140082359314,0.0,-30.762479782104492,-0.15192559361457825,0.0,-10.995527267456055,0.7724056243896484,0.0,0.0,10.0
21,75,9.302556037902832,-0.15989826619625092,0.5441340804100037,-1.0865259170532227,0.0,-35.41375732421875,-0.5421896576881409,0.0,-15.646805763244629,0.3821415305137634,0.0,0.0,10.0
21,80,9.302556037902832,-0.012647315859794617,0.17017965018749237,-0.5412466526031494,0.0,-40.06503677368164,-0.6894406080245972,0.0,-20.298084259033203,0.23489058017730713,0.0,0.0,10.0
21,85,9.302556037902832,0.018714778125286102,0.017297498881816864,-0.1841033697128296,0.0,-44.716312408447266,-0.7208027243614197,0.0,-24.94936180114746,0.2035284787416458,0.0,0.0,10.0
21,90,9.302556037902832,0.012965735979378223,-0.019548939540982246,-0.02477010153234005,0.0,-49.367591857910156,-0.7150536775588989,0.0,-29.60063934326172,0.20927752554416656,0.0,0.0,10.0
21,95,9.302556037902832,0.003581409575417638,-0.015485360287129879,0.01877877488732338,0.0,-54.01887130737305,-0.7056693434715271,0.0,-34.25191879272461,0.2186618447303772,0.0,0.0,10.0
22,0,9.471095085144043,0.0,0.0,0.0,0.0,32.07652282714844,-1.7551625967025757,0.0,46.726097106933594,-2.9171581268310547,0.0,3.5,10.0
22,5,9.471095085144043,3.0727241039276123,2.04099178314209,-2.891235589981079,0.0,17.870052337646484,-4.827887058258057,0.0,32.519630432128906,-5.989882469177246,0.0,3.5,10.0
22,10,9.471095085144043,3.6503875255584717,0.4701807200908661,-2.773207426071167,0.0,13.134505271911621,-5.405550003051758,0.0,27.784082412719727,-6.5675458908081055,0.0,0.0,10.0
22,15,9.471095085144043,3.311960458755493,-1.3817112445831299,-2.992912769317627,0.0,8.398958206176758,-5.0671234130859375,0.0,23.048534393310547,-6.229118824005127,0.0,0.0,10.0
22,20,9.471095085144043,2.295527219772339,-2.258777618408203,-0.6555376052856445,0.0,3.6634106636047363,-4.050689697265625,0.0,18.31298828125,-5.2126851081848145,0.0,0.0,10.0
22,25,9.471095085144043,1.2258192300796509,-1.9211007356643677,1.278112769126892,0.0,-1.0721367597579956,-2.9809818267822266,0.0,13.57744026184082,-4.142977237701416,0.0,0.0,10.0
22,30,9.471095085144043,0.49672380089759827,-1.13840913772583,1.559404969215393,0.0,-5.807683944702148,-2.2518863677978516,0.0,8.84189224243164,-3.41388201713562,0.0,0.0,10.0
22,35,9.471095085144043,0.13298137485980988,-0.49632319808006287,1.0537943840026855,0.0,-10.543231010437012,-1.8881440162658691,0.0,4.106345176696777,-3.0501394271850586,0.0,0.0,10.0
22,40,9.471095085144043,0.0033936630934476852,-0.1435011327266693,0.49938255548477173,0.0,-15.278779029846191,-1.7585562467575073,0.0,-0.6292020082473755,-2.9205517768859863,0.0,0.0,10.0
22,45,9.471095085144043,-0.02000194601714611,-0.007224717643111944,0.15779292583465576,0.0,-20.014326095581055,-1.7351607084274292,0.0,-5.364749431610107,-2.897156238555908,0.0,0.0,10.0
22,50,9.471095085144043,-0.012042498216032982,0.02136605605483055,0.013837428763508797,0.0,-24.749874114990234,-1.7431201934814453,0.0,-10.100296974182129,-2.9051156044006348,0.0,0.0,10.0
22,55,9.471095085144043,-0.0027115761768072844,0.014706309884786606,-0.021213369444012642,0.0,-29.48542022705078,-1.7524510622024536,0.0,-14.835844039916992,-2.9144465923309326,0.0,0.0,10.0
22,60,9.471095085144043,0.0014841428492218256,0.004694064147770405,-0.016755500808358192,0.0,-34.22096633911133,-1.756646752357483,0.0,-19.571392059326172,-2.918642282485962,0.0,0.0,10.0
22,65,9.471095085144043,0.002034804318100214,-0.000499228888656944,-0.006517864763736725,0.0,-38.95651626586914,-1.7571974992752075,0.0,-24.30693817138672,-2.9191930294036865,0.0,0.0,10.0
22,70,9.471095085144043,0.0012916933046653867,-0.001711649470962584,-0.0004883371293544769,0.0,-43.69206237792969,-1.756454348564148,0.0,-29.0424861907959,-2.918449878692627,0.0,0.0,10.0
22,75,9.471095085144043,0.0005358208436518908,-0.0012599659385159612,0.001358962501399219,0.0,-48.427608489990234,-1.7556984424591064,0.0,-33.77803421020508,-2.917693853378296,0.0,0.0,10.0
22,80,9.471095085144043,0.00011641997116385028,-0.000579062441829592,0.0012109410017728806,0.0,-53.16315841674805,-1.7552790641784668,0.0,-38.513580322265625,-2.9172744750976562,0.0,0.0,10.0
22,85,9.471095085144043,-3.100842150161043e-05,-0.00015236799663398415,0.0006181026692502201,0.0,-57.898704528808594,-1.7551316022872925,0.0,-43.24912643432617,-2.9171271324157715,0.0,0.0,10.0
22,90,9.471095085144043,-4.7220499254763126e-05,1.5974414054653607e-05,0.000190009392099455,0.0,-62.63425064086914,-1.7551153898239136,0.0,-47.984676361083984,-2.9171109199523926,0.0,0.0,10.0
22,95,9.471095085144043,-2.6547377274255268e-05,4.51699088444002e-05,1.638597723285784e-06,0.0,-67.36979675292969,-1.7551361322402954,0.0,-52.72022247314453,-2.9171316623687744,0.0,0.0,10.0
23,0,10.455141067504883,0.0,0.0,0.0,0.0,27.188608169555664,-0.8565654754638672,0.0,63.57075500488281,-2.2991394996643066,0.0,3.5,10.0
23,5,10.455141067504883,3.0727312564849854,2.040982723236084,-2.891238212585449,0.0,11.50605297088623,-3.9292967319488525,0.0,47.88819885253906,-5.371870994567871,0.0,3.5,10.0
23,10,10.455141067504883,3.484278440475464,-0.11004184186458588,-2.996601104736328,0.0,6.278481960296631,-4.340843677520752,0.0,42.66062927246094,-5.78341817855835,0.0,0.0,10.0
23,15,10.455141067504883,2.9173169136047363,-1.7153308391571045,-2.498142719268799,0.0,1.0509114265441895,-3.7738823890686035,0.0,37.43305587768555,-5.216456413269043,0.0,0.0,10.0
23,20,10.455141067504883,1.8617002964019775,-2.16532826423645,0.12185085564851761,0.0,-4.176659107208252,-2.7182657718658447,0.0,32.20548629760742,-4.160840034484863,0.0,0.0,10.0
23,25,10.455141067504883,0.915183961391449,-1.6208558082580566,1.4549076557159424,0.0,-9.404230117797852,-1.7717493772506714,0.0,26.977914810180664,-3.2143235206604004,0.0,0.0,10.0
23,30,10.455141067504883,0.3334680497646332,-0.8719018697738647,1.3863953351974487,0.0,-14.631800651550293,-1.1900334358215332,0.0,21.75034523010254,-2.6326076984405518,0.0,0.0,10.0
23,35,10.455141067504883,0.0702628493309021,-0.3409361243247986,0.8311456441879272,0.0,-19.859371185302734,-0.9268282651901245,0.0,16.52277374267578,-2.3694024085998535,0.0,0.0,10.0
23,40,10.455141067504883,-0.010786323808133602,-0.07892443239688873,0.35197213292121887,0.0,-25.086942672729492,-0.8457791209220886,0.0,11.29520320892334,-2.288353204727173,0.0,0.0,10.0
23,45,10.455141067504883,-0.018219469115138054,0.009081430733203888,0.09100152552127838,0.0,-30.314512252807617,-0.838346004486084,0.0,6.067632675170898,-2.2809202671051025,0.0,0.0,10.0
23,50,10.455141067504883,-0.008371214382350445,0.020262517035007477,-0.005098392255604267,0.0,-35.542083740234375,-0.8481942415237427,0.0,0.8400622010231018,-2.2907683849334717,0.0,0.0,10.0
23,55,10.455141067504883,-0.0008110952912829816,0.010840716771781445,-0.021170351654291153,0.0,-40.7696533203125,-0.8557543754577637,0.0,-4.387508392333984,-2.2983286380767822,0.0,0.0,10.0
23,60,10.455141067504883,0.0018586472142487764,0.002403062069788575,-0.012899603694677353,0.0,-45.997222900390625,-0.8584240674972534,0.0,-9.615078926086426,-2.3009982109069824,0.0,0.0,10.0
23,65,10.455141067504883,0.0017892982577905059,-0.0011558289406821132,-0.003914513625204563,0.0,-51.224796295166016,-0.8583547472953796,0.0,-14.842649459838867,-2.300928831100464,0.0,0.0,10.0
23,70,10.455141067504883,0.000986853032372892,-0.001599975861608982,0.0004335322882980108,0.0,-56.45236587524414,-0.8575522899627686,0.0,-20.070220947265625,-2.300126552581787,0.0,0.0,10.0
23,75,10.455141067504883,0.0003519362071529031,-0.0009948627557605505,0.0013842822518199682,0.0,-61.679935455322266,-0.8569173812866211,0.0,-25.29779052734375,-2.2994916439056396,0.0,0.0,10.0
23,80,10.455141067504883,4.5106768084224313e-05,-0.00039587009814567864,0.0009907815838232636,0.0,-66.90750885009766,-0.8566105365753174,0.0,-30.525362014770508,-2.299184799194336,0.0,0.0,10.0
23,85,10.455141067504883,-4.32810302299913e-05,-7.324886973947287e-05,0.000438275485066697,0.0,-72.13507843017578,-0.8565221428871155,0.0,-35.752933502197266,-2.2990963459014893,0.0,0.0,10.0
23,90,10.455141067504883,-4.051516589242965e-05,3.38078461936675e-05,0.00010365218622609973,0.0,-77.3626480102539,-0.8565249443054199,0.0,-40.98050308227539,-2.2990992069244385,0.0,0.0,10.0
23,95,10.455141067504883,-1.9024420907953754e-05,4.059323327965103e-05,-2.204850534326397e-05,0.0,-82.59021759033203,-0.8565464019775391,0.0,-46.208072662353516,-2.2991206645965576,0.0,0.0,10.0
